Subproject of untitled 38,Camera_days,sites,Mean(Latitude),Mean(Longitude),Mean(cultiv1km),Mean(human_pop),Mean(GPP_Cum_combo),Mean(GPP_Var_combo),Mean(GPP_min_combo_log1p),mam_rate,Mammal_Detections,rolag_rate,Rodent_Lago_det,ungulate_rate,Ungulate_det,largecarn_rate,Large_carn_detec,smallcarn_rate,small_carn_det,coy_occupancy,coy_rate,bobcat_rate,bobcat_occu,Raccoon_rate,Raccoon_occu,allweasel_rate,allweas_occu,wtd_rate,wtd_occu,MuleDeer_rate,MuleDeer_occu,E_Fox_Sq_rate,E_G_Squirrel_rate,Tree_Squirrel_rate,Sites Abert's Squirrel,Seq Allen's Chipmunk,Sites Allen's Chipmunk,Seq American Badger,Sites American Badger,Seq American Beaver,Sites American Beaver,Seq American Bison,Sites American Bison,Seq American Black Bear,Sites American Black Bear,Seq American Marten,Sites American Marten,Seq American Mink,Sites American Mink,Seq American Red Squirrel,Sites American Red Squirrel,Seq Arizona Gray Squirrel,Sites Arizona Gray Squirrel,Seq Bicycle,Sites Bicycle,Seq Black-tailed Jackrabbit,Sites Black-tailed Jackrabbit,Seq Black-tailed Prairie Dog,Sites Black-tailed Prairie Dog,Seq Bobcat,Sites Bobcat,Seq Brown Bear,Sites Brown Bear,Seq Brush Rabbit,Sites Brush Rabbit,Seq Bushy-tailed Woodrat,Sites Bushy-tailed Woodrat,Seq California Quail,Sites California Quail,Seq Canada Lynx,Sites Canada Lynx,Seq Cliff Chipmunk,Sites Cliff Chipmunk,Seq Collared Peccary,Sites Collared Peccary,Seq Common Pheasant,Sites Common Pheasant,Seq Coyote,Sites Coyote,Seq Desert Cottontail,Sites Desert Cottontail,Seq Desert Woodrat,Sites Desert Woodrat,Seq Domestic Cat,Sites Domestic Cat,Seq Domestic Cow,Sites Domestic Cow,Seq Domestic Dog,Sites Domestic Dog,Seq Domestic Horse,Sites Domestic Horse,Seq Domestic Sheep,Sites Domestic Sheep,Seq Douglas's Squirrel,Sites Douglas's Squirrel,Seq Dusky Grouse,Sites Dusky Grouse,Seq Eastern Chipmunk,Sites Eastern Chipmunk,Seq Eastern Cottontail,Sites Eastern Cottontail,Seq Eastern Fox Squirrel,Sites Eastern Fox Squirrel,Seq Eastern Gray Squirrel,Sites Eastern Gray Squirrel,Seq Eastern Woodrat,Sites Eastern Woodrat,Seq Ermine,Sites Ermine,Seq Fisher,Sites Fisher,Seq Gambel's Quail,Sites Gambel's Quail,Seq Gemsbok,Sites Gemsbok,Seq Gray Wolf,Sites Gray Wolf,Seq Greater Roadrunner,Sites Greater Roadrunner,Seq Grey Fox,Sites Grey Fox,Seq Harris's Antelope Squirrel,Sites Harris's Antelope Squirrel,Seq Human non-staff,Sites Human non-staff,Seq Javan Mongoose,Sites Javan Mongoose,Seq Kit Fox,Sites Kit Fox,Seq Least Chipmunk,Sites Least Chipmunk,Seq Long-tailed Weasel,Sites Long-tailed Weasel,Seq Marsh Rabbit,Sites Marsh Rabbit,Seq Merriam's Kangaroo Rat,Sites Merriam's Kangaroo Rat,Seq Mexican Woodrat,Sites Mexican Woodrat,Seq Moose,Sites Moose,Seq Mountain Beaver,Sites Mountain Beaver,Seq Mountain Cottontail,Sites Mountain Cottontail,Seq Mountain Quail,Sites Mountain Quail,Seq Mule Deer,Sites Mule Deer,Seq Muskrat,Sites Muskrat,Seq Nine-banded Armadillo,Sites Nine-banded Armadillo,Seq North American Otter,Sites North American Otter,Seq North American Porcupine,Sites North American Porcupine,Seq Northern Flying Squirrel,Sites Northern Flying Squirrel,Seq Northern Raccoon,Sites Northern Raccoon,Seq Owl species,Sites Owl species,Seq Peromyscus species,Sites Peromyscus species,Seq Pronghorn,Sites Pronghorn,Seq Puma,Sites Puma,Seq Pygmy Rabbit,Sites Pygmy Rabbit,Seq Raptor species,Sites Raptor species,Seq Rattus species,Sites Rattus species,Seq Red Fox,Sites Red Fox,Seq Red Wolf,Sites Red Wolf,Seq Ringtail,Sites Ringtail,Seq Rock Squirrel,Sites Rock Squirrel,Seq Ruffed Grouse,Sites Ruffed Grouse,Seq Sharp-tailed Grouse,Sites Sharp-tailed Grouse,Seq Snowshoe Hare,Sites Snowshoe Hare,Seq Southern Flying Squirrel,Sites Southern Flying Squirrel,Seq Spruce Grouse,Sites Spruce Grouse,Seq Striped Skunk,Sites Striped Skunk,Seq Swamp Rabbit,Sites Swamp Rabbit,Seq Townsend's Chipmunk,Sites Townsend's Chipmunk,Seq Uinta Chipmunk,Sites Uinta Chipmunk,Seq Unknown Animal,Sites Unknown Animal,Seq Unknown Bear,Sites Unknown Bear,Seq Unknown Canid,Sites Unknown Canid,Seq Unknown Cervid,Sites Unknown Cervid,Seq Unknown Chipmunk,Sites Unknown Chipmunk,Seq Unknown Cottontail,Sites Unknown Cottontail,Seq Unknown Flying Squirrel,Sites Unknown Flying Squirrel,Seq Unknown Ground Squirrel,Sites Unknown Ground Squirrel,Seq Unknown Large Weasel_Badger_Otter,Sites Unknown Large Weasel_Badger_Otter,Seq Unknown Pig_Peccary,Sites Unknown Pig_Peccary,Seq Unknown Rabbit_Hare,Sites Unknown Rabbit_Hare,Seq Unknown Skunk,Sites Unknown Skunk,Seq Unknown Small Mammal,Sites Unknown Small Mammal,Seq Unknown Small Weasel,Sites Unknown Small Weasel,Seq Unknown Squirrel,Sites Unknown Squirrel,Seq Unknown Woodrat,Sites Unknown Woodrat,Seq Vehicle,Sites Vehicle,Seq Virginia Opossum,Sites Virginia Opossum,Seq Wapiti,Sites Wapiti,Seq Western Gray Squirrel,Sites Western Gray Squirrel,Seq Western Spotted Skunk,Sites Western Spotted Skunk,Seq White-tailed Antelope Squirrel,Sites White-tailed Antelope Squirrel,Seq White-tailed Deer,Sites White-tailed Deer,Seq White-tailed Jackrabbit,Sites White-tailed Jackrabbit,Seq Wild Boar,Sites Wild Boar,Seq Wild Turkey,Sites Wild Turkey,Seq Woodchuck,Sites Woodchuck
AK_Forest_Chilkat_Preserve,541,8,59.41103,-136.0821263,,,,,,0.9779555215,529.07393715,0.074073821,40.073937153,0.0092421442,5,0.8299445471,449,3.75,30,0.25,0.0554528651,0,0,0,0,0,0,0,0,0,0,0,0,0.0739371534,0,0,0,0,0,0,0,0,0,6,1,0,0,0,0,40,1,0,0,0,0,0,0,0,0,0,0,429,3,0,0,0,0,0,0,5,1,0,0,0,0,0,0,30,2,0,0,0,0,0,0,0,0,4,2,0,0,0,0,0,0,0,0,0,0,0,0,0,0,0,0,0,0,0,0,0,0,0,0,0,0,14,2,0,0,0,0,0,0,9,3,0,0,0,0,0,0,0,0,0,0,0,0,0,0,5,1,0,0,0,0,0,0,0,0,0,0,0,0,0,0,0,0,0,0,0,0,0,0,0,0,0,0,0,0,0,0,0,0,0,0,0,0,0,0,0,0,0,0,0,0,0,0,0,0,0,0,0,0,0,0,0,0,0,0,0,0,9,1,0,0,0,0,0,0,0,0,0,0,0,0,0,0,0,0,0,0,0,0,0,0,0,0,0,0,0,0,0,0,3,1,0,0,0,0,0,0,0,0,0,0,0,0,0,0,0,0,0,0,0,0
AL_Forest_Auburn,592,25,32.662276,-85.4858212,0.0054361801,47.170816,15474,0.419629,4.9904325868,1.531678004,906.75337838,0.8340428689,493.75337838,0.2753378378,163,0,0,7.32,183,0.08,0.0185810811,0,0,0.2618243243,0.12,0,0,0.2753378378,0.12,0,0,0,0.7466216216,0.7533783784,0,0,0,0,0,0,0,0,0,0,0,0,0,0,0,0,0,0,0,0,0,0,0,0,0,0,0,0,0,0,0,0,0,0,0,0,0,0,0,0,0,0,0,11,2,0,0,0,0,1,1,0,0,2,1,0,0,0,0,0,0,0,0,30,1,12,1,0,0,442,2,0,0,0,0,0,0,0,0,0,0,0,0,0,0,17,1,0,0,448,8,0,0,0,0,0,0,0,0,0,0,0,0,0,0,0,0,0,0,0,0,0,0,0,0,0,0,17,1,0,0,0,0,0,0,155,3,0,0,0,0,0,0,0,0,0,0,0,0,0,0,0,0,0,0,0,0,0,0,0,0,0,0,0,0,0,0,0,0,0,0,0,0,0,0,0,0,107,1,0,0,1,1,0,0,0,0,0,0,0,0,0,0,0,0,0,0,0,0,0,0,5,1,0,0,4,1,0,0,3,1,49,1,0,0,0,0,0,0,0,0,163,3,0,0,0,0,0,0,0,0
AR_Grassland_Fayetteville,414,10,36.066924,-94.235151,0.000459137,115.50292,14638.7,0.6501057,3.7000668695,0.5869565217,243,0.0893719807,37,0.347826087,144,0,0,5.5,55,0.2,0.1038647343,2,0.1,0.0217391304,0.2,0,0,0.347826087,0.4,0,0,0,0,0,0,0,0,0,0,0,0,0,0,0,0,0,0,0,0,0,0,0,0,0,0,0,0,0,0,2,1,0,0,0,0,0,0,0,0,0,0,0,0,0,0,0,0,43,2,0,0,0,0,0,0,0,0,2,1,0,0,0,0,0,0,0,0,0,0,28,1,0,0,0,0,0,0,0,0,0,0,0,0,0,0,0,0,0,0,0,0,0,0,14,5,0,0,0,0,0,0,0,0,0,0,0,0,0,0,0,0,0,0,0,0,0,0,0,0,0,0,3,1,0,0,0,0,0,0,9,2,0,0,0,0,0,0,0,0,0,0,0,0,0,0,0,0,0,0,0,0,0,0,0,0,0,0,0,0,0,0,0,0,1,1,0,0,0,0,0,0,9,1,0,0,0,0,0,0,0,0,2,1,0,0,0,0,0,0,0,0,0,0,0,0,7,1,0,0,0,0,0,0,0,0,4,1,0,0,0,0,0,0,0,0,144,4,0,0,0,0,0,0,0,0
AZ_Desert_McDowell_Sonoran_Preserve,445,8,33.71967375,-111.803185,0,16.247348875,2791.75,0.565035875,3.0820477296,2.2112359551,984,1.7483146067,778,0.2247191011,100,0,0,13.25,106,0.25,0.1348314607,43,0.25,0.002247191,0.125,0,0,0,0,0.1550561798,0.25,0,0,0,0,0,0,2,1,0,0,0,0,0,0,0,0,0,0,0,0,0,0,0,0,57,1,0,0,43,2,0,0,0,0,0,0,0,0,0,0,5,1,31,4,0,0,60,2,572,2,0,0,0,0,0,0,0,0,0,0,0,0,0,0,0,0,0,0,0,0,0,0,0,0,0,0,0,0,0,0,492,12,0,0,0,0,102,4,0,0,47,1,9,3,0,0,0,0,0,0,0,0,0,0,0,0,0,0,0,0,0,0,0,0,0,0,69,2,0,0,0,0,0,0,0,0,0,0,1,1,0,0,0,0,0,0,0,0,0,0,1,1,0,0,0,0,0,0,0,0,3,1,0,0,0,0,0,0,0,0,0,0,0,0,0,0,0,0,0,0,63,1,0,0,0,0,0,0,0,0,1,1,0,0,0,0,0,0,0,0,3,1,0,0,90,2,0,0,0,0,0,0,0,0,0,0,0,0,0,0,0,0,0,0,0,0,0,0,0,0,0,0,0,0
AZ_Grassland_Vermilion_Cliffs,301,6,35.31681,-111.7116667,0,3.6338986667,10991.333333,0.442994,2.5465304234,0.9079369985,273.28903654,0.3763755367,113.28903654,0.3289036545,99,0.0099667774,3,9.3333333333,56,0.5,0.0797342193,8,0.1666666667,0,0,0,0,0.0033222591,0.1666666667,0.2724252492,0.6666666667,0,0,0.2890365449,1,0,0,2,1,0,0,0,0,2,1,0,0,0,0,29,1,33,1,0,0,1,1,0,0,8,1,0,0,0,0,0,0,0,0,0,0,0,0,0,0,0,0,24,3,0,0,0,0,0,0,0,0,0,0,0,0,0,0,0,0,0,0,0,0,0,0,0,0,0,0,0,0,0,0,0,0,0,0,0,0,0,0,0,0,8,1,0,0,0,0,0,0,0,0,0,0,0,0,0,0,0,0,0,0,0,0,0,0,0,0,0,0,82,4,0,0,0,0,0,0,0,0,0,0,0,0,0,0,0,0,0,0,1,1,0,0,0,0,0,0,0,0,0,0,0,0,0,0,0,0,0,0,0,0,0,0,0,0,14,1,0,0,0,0,0,0,11,1,0,0,2,1,0,0,0,0,8,1,0,0,0,0,0,0,0,0,7,1,0,0,11,1,0,0,24,1,0,0,0,0,0,0,16,2,0,0,0,0,0,0,1,1,0,0,0,0,1,1,0,0
CA_Forest_Humboldt,481,15,41.297120667,-124.0130333,0,0,22743.933333,0.5099956,4.5623702692,0.3433681563,165.16008316,0.1978380107,95.16008316,0.0602910603,29,0.0436590437,21,1.3333333333,20,0,0,0,0,0,0,0,0,0,0,0.0602910603,0.1333333333,0,0,0.1600831601,0,5,1,0,0,0,0,0,0,20,1,0,0,0,0,0,0,0,0,0,0,0,0,0,0,0,0,0,0,0,0,0,0,0,0,0,0,0,0,0,0,0,0,0,0,0,0,0,0,0,0,0,0,0,0,0,0,0,0,49,2,0,0,0,0,0,0,0,0,0,0,0,0,0,0,2,1,0,0,0,0,0,0,0,0,18,1,0,0,3,1,0,0,0,0,0,0,0,0,0,0,0,0,0,0,0,0,0,0,0,0,0,0,29,2,0,0,0,0,0,0,0,0,0,0,0,0,0,0,0,0,0,0,1,1,0,0,0,0,0,0,0,0,0,0,0,0,0,0,0,0,0,0,0,0,0,0,0,0,0,0,0,0,0,0,0,0,14,1,0,0,0,0,0,0,2,1,0,0,3,1,0,0,0,0,0,0,0,0,0,0,8,1,0,0,22,1,0,0,0,0,0,0,0,0,6,1,0,0,0,0,0,0,0,0,0,0,0,0,0,0
CA_Forest_Pepperwood_Preserve,408,12,38.5901725,-122.7146,0.0010713167,4.4108475,18591.416667,0.4809685833,4.1625099804,1.3512411092,551.30637255,0.3536920896,144.30637255,0.443627451,181,0.0098039216,4,17.416666667,209,0.0833333333,0.012254902,16,0.0833333333,0.0343137255,0.1666666667,0,0,0,0,0.4411764706,0.1666666667,0,0,0.306372549,0,0,0,0,0,0,0,0,0,4,2,0,0,0,0,0,0,0,0,0,0,8,1,0,0,16,1,0,0,0,0,0,0,7,5,0,0,0,0,0,0,0,0,5,1,0,0,0,0,0,0,1,1,0,0,0,0,0,0,0,0,0,0,0,0,0,0,0,0,0,0,0,0,0,0,0,0,0,0,0,0,0,0,0,0,129,2,0,0,4,2,0,0,0,0,0,0,0,0,0,0,0,0,0,0,0,0,0,0,0,0,0,0,180,2,0,0,0,0,0,0,0,0,0,0,14,2,1,1,1,1,0,0,0,0,0,0,0,0,0,0,0,0,0,0,0,0,0,0,0,0,0,0,0,0,0,0,0,0,45,1,0,0,0,0,0,0,35,1,0,0,0,0,0,0,0,0,0,0,0,0,0,0,0,0,0,0,0,0,0,0,7,1,0,0,0,0,3,1,0,0,13,1,0,0,125,2,0,0,0,0,0,0,0,0,1,1,0,0,0,0
CA_Forest_Sierra Nevada,519,11,37.365819091,-119.6827591,0,18.172045455,11987.454545,0.423076,3.2144973363,1.5802139137,820.13102119,0.1871503299,97.131021195,0.3545279383,184,0.591522158,307,21,231,0.3636363636,0.098265896,21,0.0909090909,0.0289017341,0.2727272727,0,0,0,0,0.3545279383,0.3636363636,0,0,0.1310211946,0,0,0,0,0,0,0,0,0,303,3,0,0,0,0,0,0,0,0,7,3,0,0,0,0,21,1,0,0,0,0,0,0,23,10,0,0,0,0,0,0,0,0,51,4,10,1,0,0,0,0,0,0,5,1,0,0,0,0,0,0,0,0,0,0,0,0,0,0,0,0,0,0,0,0,0,0,0,0,0,0,0,0,0,0,139,3,0,0,17,3,0,0,0,0,0,0,0,0,0,0,0,0,0,0,0,0,0,0,0,0,1,1,184,4,0,0,0,0,0,0,0,0,0,0,15,3,2,1,3,1,0,0,4,1,0,0,1,1,0,0,0,0,0,0,2,2,0,0,0,0,0,0,0,0,0,0,0,0,3,1,0,0,0,0,0,0,44,1,0,0,1,1,0,0,0,0,0,0,0,0,0,0,0,0,0,0,0,0,0,0,14,2,0,0,2,1,2,1,8,1,0,0,0,0,66,2,0,0,0,0,0,0,0,0,0,0,4,2,0,0
CA_Riparian_San_Joaquin,450,10,36.857794,-119.844817,0.4833795,25.100966,8118,0.4655021,4.1903085061,2.6501234568,1192.5555556,0.812345679,365.55555556,0.9866666667,444,0,0,37.4,374,0.2,0.4133333333,20,0.2,0.1355555556,0.4,0,0,0,0,0.9866666667,0.2,0.5555555556,0,0.5555555556,0,0,0,0,0,0,0,0,0,0,0,0,0,0,0,0,0,0,0,1,1,0,0,0,0,20,2,0,0,1,1,0,0,0,0,0,0,0,0,0,0,0,0,186,2,113,2,0,0,0,0,0,0,1,1,0,0,0,0,0,0,0,0,0,0,0,0,250,3,0,0,0,0,0,0,0,0,0,0,0,0,0,0,0,0,27,1,0,0,56,7,0,0,0,0,0,0,0,0,0,0,0,0,0,0,0,0,0,0,0,0,0,0,444,2,0,0,0,0,0,0,0,0,0,0,61,4,27,1,0,0,0,0,0,0,0,0,1,1,0,0,0,0,0,0,0,0,0,0,0,0,0,0,0,0,0,0,0,0,80,2,0,0,0,0,0,0,35,1,0,0,2,1,0,0,0,0,0,0,0,0,0,0,0,0,0,0,0,0,0,0,1,1,0,0,0,0,0,0,18,1,7,1,0,0,0,0,0,0,0,0,0,0,0,0,0,0,0,0,0,0
CO_GrasslandOak_USAFA,1167,27,38.997240741,-104.8774807,0.0006461928,119.35852963,8508.017037,0.7753578519,1.5917687521,0.5544739696,647.07112254,0.1971474915,230.07112254,0.2382176521,278,0.0265638389,31,4,108,0.1111111111,0.0488431877,4,0.037037037,0.0102827763,0.0740740741,0,0,0.0094258783,0.0740740741,0.1953727506,0.2222222222,0.0445586975,0,0.0711225364,1,0,0,0,0,0,0,0,0,28,2,0,0,0,0,12,1,0,0,0,0,0,0,0,0,4,1,0,0,0,0,0,0,0,0,0,0,0,0,0,0,0,0,57,3,0,0,0,0,0,0,0,0,4,1,0,0,0,0,0,0,0,0,0,0,0,0,52,2,0,0,0,0,0,0,0,0,0,0,0,0,0,0,0,0,0,0,0,0,13,3,0,0,0,0,0,0,0,0,0,0,0,0,31,1,0,0,0,0,0,0,0,0,228,6,0,0,0,0,0,0,0,0,0,0,12,2,0,0,58,1,0,0,3,1,0,0,0,0,0,0,0,0,0,0,0,0,2,1,0,0,0,0,0,0,0,0,0,0,34,1,0,0,0,0,0,0,16,2,0,0,0,0,5,1,3,1,34,1,0,0,0,0,0,0,0,0,3,1,0,0,17,2,0,0,18,1,0,0,0,0,0,0,34,3,0,0,1,1,0,0,11,2,0,0,0,0,35,9,0,0
CT_Forest_Nye_Holman,537,16,41.892278125,-72.31711,0.0006887056,131.39236875,17070.3125,0.894253375,0,0.8399827998,451.0707635,0.0913794479,49.070763501,0.6480446927,348,0.0018621974,1,3.125,50,0.0625,0.0242085661,0,0,0.0279329609,0.3125,0.0037243948,0.0625,0.6480446927,0.3125,0,0,0,0.0707635009,0.0707635009,0,0,0,0,0,0,0,0,0,1,1,0,0,0,0,0,0,0,0,0,0,0,0,0,0,0,0,0,0,0,0,0,0,0,0,0,0,0,0,0,0,0,0,13,1,0,0,0,0,0,0,0,0,0,0,0,0,0,0,0,0,0,0,2,1,0,0,0,0,38,2,0,0,2,1,12,2,0,0,0,0,0,0,0,0,0,0,0,0,6,2,0,0,0,0,0,0,0,0,0,0,0,0,0,0,0,0,0,0,0,0,0,0,0,0,0,0,0,0,0,0,0,0,0,0,15,5,0,0,6,1,0,0,0,0,0,0,0,0,0,0,8,1,0,0,0,0,0,0,0,0,0,0,0,0,0,0,0,0,0,0,0,0,0,0,0,0,31,1,0,0,1,1,0,0,0,0,1,1,1,1,0,0,0,0,0,0,0,0,0,0,1,1,0,0,0,0,0,0,406,4,2,1,0,0,0,0,0,0,0,0,348,5,0,0,0,0,10,4,0,0
CT_Forest_Storrs,396,10,41.800106,-72.230563,0.13057849,170.4721,17874.8,0.8935975,0,6.1403364453,2431.5732323,5.1277101826,2030.5732323,0.6439393939,255,0,0,5.2,52,0.1,0.0050505051,7,0.1,0.0631313131,0.2,0,0,0.6439393939,0.4,0,0,0,4.5075757576,4.5732323232,0,0,0,0,0,0,0,0,0,0,0,0,0,0,0,25,1,0,0,0,0,0,0,0,0,7,1,0,0,0,0,0,0,0,0,0,0,0,0,0,0,0,0,2,1,0,0,0,0,0,0,0,0,0,0,0,0,0,0,0,0,0,0,80,1,25,1,0,0,1785,2,0,0,0,0,0,0,0,0,0,0,0,0,0,0,8,1,0,0,46,3,0,0,0,0,0,0,0,0,0,0,0,0,0,0,0,0,0,0,0,0,0,0,0,0,0,0,0,0,0,0,0,0,0,0,25,2,0,0,106,3,0,0,0,0,0,0,0,0,0,0,0,0,0,0,0,0,0,0,0,0,0,0,0,0,0,0,0,0,10,1,0,0,0,0,0,0,50,2,0,0,0,0,0,0,0,0,0,0,0,0,0,0,0,0,0,0,0,0,0,0,0,0,0,0,1,1,0,0,38,1,94,2,0,0,0,0,0,0,0,0,255,4,0,0,0,0,6,3,4,1
DC_HF Sites,150,10,38.922063,-77.093353,0.0010101008,2814.6276,13968.02,0.7943977,3.3418707104,7.3069333333,1096.04,3.0602666667,459.04,3.4,510,0,0,12.6,126,0.1,0.04,1,0.1,0.4266666667,0.2,0,0,3.4,0.5,0,0,0,3.04,3.04,0,0,0,0,0,0,0,0,0,0,0,0,0,0,0,0,0,0,0,0,0,0,0,0,0,1,1,0,0,0,0,0,0,0,0,0,0,0,0,0,0,0,0,6,1,0,0,0,0,0,0,0,0,23,3,0,0,0,0,0,0,0,0,0,0,0,0,0,0,456,2,0,0,0,0,0,0,0,0,0,0,0,0,0,0,0,0,0,0,30,3,0,0,0,0,0,0,0,0,0,0,0,0,0,0,0,0,0,0,0,0,0,0,0,0,0,0,0,0,0,0,0,0,0,0,64,2,0,0,0,0,0,0,0,0,0,0,0,0,0,0,55,2,0,0,0,0,0,0,0,0,0,0,0,0,0,0,0,0,0,0,0,0,0,0,0,0,13,1,0,0,0,0,0,0,0,0,0,0,0,0,0,0,0,0,0,0,0,0,0,0,0,0,0,0,0,0,0,0,0,0,1,1,0,0,0,0,0,0,0,0,510,5,0,0,0,0,0,0,0,0
DC_LH Sites,94,7,38.876558571,-76.99842571,0.001443002,3380.1051571,14020.914286,0.7895928571,3.3672935966,1.2506790403,117.56382979,0.9102535084,85.563829787,0,0,0,0,4.5714285714,32,0,0,0,0,0.2872340426,0.2857142857,0,0,0,0,0,0,0,0.5638297872,0.5638297872,0,0,0,0,0,0,0,0,0,0,0,0,0,0,0,0,0,0,0,0,0,0,0,0,0,0,0,0,0,0,0,0,0,0,0,0,0,0,0,0,0,0,0,0,0,0,0,0,0,0,0,0,0,46,3,0,0,0,0,0,0,0,0,0,0,0,0,0,0,53,1,0,0,0,0,0,0,0,0,0,0,0,0,0,0,0,0,0,0,113,4,0,0,0,0,0,0,0,0,0,0,0,0,0,0,0,0,0,0,0,0,0,0,0,0,0,0,0,0,0,0,0,0,0,0,27,2,0,0,0,0,0,0,0,0,0,0,0,0,31,1,5,1,0,0,0,0,0,0,0,0,0,0,0,0,0,0,0,0,0,0,0,0,0,0,0,0,1,1,0,0,0,0,0,0,0,0,0,0,0,0,0,0,0,0,0,0,0,0,0,0,0,0,0,0,0,0,0,0,5,1,0,0,0,0,0,0,0,0,0,0,0,0,0,0,0,0,0,0,1,1
DC_MH Sites,162,12,38.906383333,-77.0133,0.001760024,8084.1208333,13895.391667,0.7922369167,3.3405670951,2.1961591221,355.77777778,2.0603566529,333.77777778,0.0617283951,10,0,0,1,12,0,0,0,0,0.037037037,0.1666666667,0,0,0.0617283951,0.1666666667,0,0,0,1.7777777778,1.7777777778,0,0,0,0,0,0,0,0,0,0,0,0,0,0,0,0,0,0,0,13,1,0,0,0,0,0,0,0,0,0,0,0,0,0,0,0,0,0,0,0,0,0,0,0,0,0,0,0,0,45,1,0,0,91,4,0,0,0,0,0,0,0,0,0,0,0,0,0,0,288,2,0,0,0,0,0,0,0,0,0,0,0,0,0,0,0,0,0,0,317,6,0,0,0,0,0,0,0,0,0,0,0,0,0,0,0,0,0,0,0,0,0,0,0,0,0,0,0,0,0,0,0,0,0,0,6,2,0,0,0,0,0,0,0,0,0,0,0,0,43,2,6,1,0,0,0,0,0,0,0,0,0,0,0,0,0,0,0,0,0,0,0,0,0,0,0,0,5,1,0,0,0,0,0,0,0,0,0,0,0,0,0,0,0,0,0,0,0,0,0,0,1,1,0,0,0,0,0,0,10,1,0,0,0,0,0,0,0,0,0,0,10,2,0,0,0,0,0,0,0,0
DE_Forest_Wilmington,529,14,39.717802143,-75.63739786,0.0388954281,851.81760843,13352.764286,0.8167617143,2.8070861021,3.3773142606,1786.5992439,1.9803388353,1047.5992439,0.2268431002,120,0,0,39.714285714,556,0.0714285714,0.0056710775,0,0,0.6956521739,0.2857142857,0,0,0.2268431002,0.2857142857,0,0,0.0018903592,1.5689981096,1.5992438563,0,0,0,0,0,2,1,0,0,0,0,0,0,4,1,2,1,0,0,0,0,0,0,0,0,0,0,0,0,0,0,0,0,0,0,0,0,0,0,0,0,0,0,3,1,0,0,0,0,2,1,0,0,5,2,0,0,0,0,0,0,0,0,5,1,19,1,1,1,830,3,0,0,0,0,0,0,0,0,0,0,0,0,0,0,0,0,0,0,22,4,0,0,0,0,0,0,0,0,0,0,0,0,0,0,0,0,0,0,0,0,0,0,0,0,0,0,0,0,1,1,0,0,0,0,368,4,0,0,160,1,0,0,0,0,0,0,0,0,0,0,175,2,0,0,0,0,0,0,0,0,0,0,0,0,12,1,0,0,6,1,0,0,0,0,0,0,68,1,0,0,0,0,0,0,0,0,0,0,0,0,0,0,0,0,0,0,0,0,0,0,2,1,0,0,1,1,0,0,0,0,62,2,0,0,0,0,0,0,0,0,120,4,0,0,0,0,0,0,12,1
FL_Forest_Melrose,517,13,29.700455385,-81.98029308,0.0015540011,7.6793776923,15473.538462,0.2384979231,5.0235624947,2.1107041442,1091.2340426,0.2344952467,121.23404255,1.586073501,820,0.003868472,2,3.5384615385,46,0.0769230769,0.0406189555,5,0.0769230769,0.0386847195,0.0769230769,0,0,1.5783365571,0.3846153846,0,0,0.003868472,0.2263056093,0.2340425532,0,0,0,0,0,0,0,0,0,2,1,0,0,0,0,0,0,0,0,0,0,0,0,0,0,5,1,0,0,0,0,0,0,0,0,0,0,0,0,0,0,0,0,21,1,0,0,0,0,0,0,0,0,1,1,0,0,0,0,0,0,0,0,0,0,0,0,2,2,117,2,0,0,0,0,0,0,0,0,0,0,0,0,0,0,0,0,0,0,13,3,0,0,0,0,0,0,0,0,0,0,0,0,0,0,0,0,0,0,0,0,0,0,0,0,0,0,23,1,0,0,0,0,0,0,20,1,0,0,0,0,0,0,0,0,0,0,0,0,0,0,0,0,0,0,0,0,0,0,0,0,0,0,0,0,0,0,0,0,0,0,0,0,0,0,0,0,46,1,0,0,0,0,0,0,0,0,0,0,0,0,0,0,0,0,0,0,0,0,0,0,0,0,0,0,2,1,0,0,0,0,79,2,0,0,0,0,0,0,0,0,816,5,0,0,4,1,98,9,0,0
FL_Key Largo 2019,823,15,25.237649333,-80.329362,0.0012855836,41.6808866,14443.613333,1.7332182,4.0054940678,0.4119209424,339.0109356,0.0364652923,30.010935601,0,0,0,0,12.8,192,0.1333333333,0.0048602673,0,0,0.2284325638,0.2666666667,0,0,0,0,0,0,0,0.0109356015,0.0109356015,0,0,0,0,0,0,0,0,0,0,0,0,0,0,0,0,0,0,0,0,0,0,0,0,0,0,0,0,0,0,0,0,0,0,0,0,0,0,0,0,0,0,0,4,2,0,0,0,0,19,1,0,0,2,1,0,0,0,0,0,0,0,0,0,0,0,0,0,0,9,1,9,1,0,0,0,0,0,0,0,0,0,0,0,0,0,0,0,0,46,2,0,0,0,0,0,0,0,0,0,0,0,0,0,0,0,0,0,0,0,0,0,0,0,0,0,0,0,0,0,0,0,0,0,0,188,4,0,0,2,1,0,0,0,0,0,0,0,0,10,1,0,0,0,0,0,0,0,0,0,0,0,0,0,0,0,0,0,0,0,0,0,0,0,0,0,0,6,1,0,0,0,0,0,0,0,0,0,0,0,0,0,0,0,0,0,0,0,0,0,0,0,0,0,0,0,0,0,0,45,1,117,1,0,0,0,0,0,0,0,0,0,0,0,0,0,0,0,0,0,0
GA_Forest_Carrollton,346,11,33.564284545,-85.08426909,0,331.88054545,14436.781818,0.5324375455,4.3995974249,1.9461057837,673.35260116,0.4258745698,147.35260116,1.289017341,446,0,0,5.0909090909,56,0.0909090909,0.0289017341,0,0,0.0895953757,0.2727272727,0,0,1.289017341,0.3636363636,0,0,0,0.3526011561,0.3526011561,0,0,0,0,0,0,0,0,0,0,0,0,0,0,0,0,0,0,0,0,0,0,0,0,0,0,0,0,0,0,0,0,0,0,0,0,0,0,0,0,0,0,0,10,1,0,0,0,0,1,1,0,0,20,2,0,0,0,0,0,0,0,0,0,0,25,2,0,0,122,2,0,0,0,0,0,0,0,0,0,0,0,0,0,0,13,2,0,0,111,5,0,0,0,0,0,0,0,0,0,0,0,0,0,0,0,0,0,0,0,0,0,0,0,0,0,0,14,1,0,0,0,0,0,0,31,3,0,0,0,0,0,0,0,0,0,0,0,0,0,0,2,1,0,0,0,0,0,0,0,0,0,0,0,0,0,0,0,0,0,0,0,0,0,0,0,0,15,1,0,0,0,0,0,0,0,0,0,0,0,0,0,0,0,0,0,0,0,0,0,0,0,0,0,0,0,0,0,0,1,1,10,1,0,0,0,0,0,0,0,0,446,4,0,0,0,0,0,0,0,0
GA_Forest_Lower Altmaha Corridor,503,16,31.381853125,-81.56603938,0,1.89122,22769.25,0.63406425,4.9345643823,0.916556328,461.027833,0.0676497674,34.027833002,0.6023856859,303,0,0,1.625,26,0.125,0.0119284294,0,0,0.0397614314,0.1875,0,0,0.4930417495,0.125,0,0,0,0.027833002,0.027833002,0,0,0,0,0,0,0,0,0,0,0,0,0,0,0,0,0,0,0,0,0,0,0,0,0,0,0,0,0,0,0,0,0,0,0,0,0,0,0,0,0,0,0,6,2,0,0,0,0,0,0,0,0,0,0,0,0,0,0,0,0,0,0,0,0,19,1,0,0,14,1,0,0,0,0,0,0,0,0,0,0,0,0,0,0,0,0,0,0,0,0,0,0,0,0,0,0,0,0,1,1,0,0,0,0,0,0,0,0,0,0,0,0,0,0,0,0,38,1,0,0,0,0,0,0,20,3,0,0,0,0,0,0,0,0,0,0,0,0,0,0,0,0,0,0,0,0,0,0,0,0,0,0,0,0,0,0,0,0,0,0,0,0,0,0,0,0,15,1,0,0,0,0,0,0,0,0,0,0,0,0,0,0,0,0,0,0,0,0,0,0,0,0,0,0,0,0,0,0,25,1,60,2,0,0,0,0,0,0,0,0,248,2,0,0,55,3,33,4,0,0
HI_Forest_O'ahu,388,9,21.363824444,-157.7455011,,,,,,2.7654639175,1073,0.0773195876,30,2.6134020619,1014,0,0,3.2222222222,29,0,0,0,0,0,0,0,0,0,0,0,0,0,0,0,0,0,0,0,0,0,0,0,0,0,0,0,0,0,0,0,0,0,0,0,0,0,0,0,0,0,0,0,0,0,0,0,0,0,0,0,0,0,0,0,0,0,0,0,0,0,0,0,0,18,1,0,0,2,2,0,0,0,0,0,0,0,0,0,0,0,0,0,0,0,0,0,0,0,0,0,0,0,0,0,0,0,0,0,0,0,0,0,0,1,1,29,2,0,0,0,0,0,0,0,0,0,0,0,0,0,0,0,0,0,0,0,0,0,0,0,0,0,0,0,0,0,0,0,0,0,0,0,0,0,0,0,0,0,0,0,0,0,0,4,1,0,0,0,0,0,0,0,0,0,0,0,0,0,0,0,0,0,0,0,0,0,0,0,0,0,0,26,1,0,0,0,0,0,0,0,0,0,0,0,0,0,0,0,0,0,0,0,0,0,0,26,1,0,0,0,0,0,0,0,0,0,0,0,0,0,0,0,0,0,0,0,0,0,0,1014,6,0,0,0,0
IA_Anthropogenic_Ames,447,18,42.100676667,-93.57533111,0.1798796722,17.641035556,10226.555556,0.9926010556,0.7186310485,4.5022796771,2012.5190157,2.5582080887,1143.5190157,1.1163310962,499,0,0,18.388888889,331,0.0555555556,0.0357941834,0,0,0.6979865772,0.2222222222,0.0402684564,0.1111111111,1.1163310962,0.1666666667,0,0,1.5100671141,0,1.51901566,0,0,0,0,0,1,1,0,0,0,0,0,0,0,0,0,0,0,0,0,0,0,0,0,0,0,0,0,0,0,0,0,0,0,0,0,0,0,0,0,0,0,0,16,1,0,0,0,0,12,1,0,0,14,2,0,0,0,0,0,0,0,0,230,2,47,1,675,2,0,0,0,0,1,1,0,0,0,0,0,0,0,0,0,0,0,0,0,0,106,4,0,0,0,0,0,0,0,0,0,0,0,0,0,0,0,0,0,0,0,0,0,0,0,0,0,0,0,0,0,0,0,0,0,0,312,4,0,0,127,1,0,0,0,0,0,0,0,0,0,0,0,0,0,0,0,0,0,0,0,0,0,0,0,0,0,0,0,0,0,0,0,0,0,0,0,0,232,1,0,0,1,1,0,0,0,0,0,0,0,0,0,0,2,1,0,0,0,0,0,0,47,1,17,1,4,1,0,0,2,1,21,1,0,0,0,0,0,0,0,0,499,3,0,0,0,0,11,6,11,1
ID_Forest_Galena,341,8,43.8613225,-114.6489025,0,0.41305675,6862.75,0.9761165,0,0.7339118171,250.26392962,0.2705687086,92.263929619,0.4105571848,140,0.0146627566,5,1.625,13,0.125,0.0058651026,0,0,0,0,0,0,0,0,0.275659824,0.5,0,0,0.2639296188,0,0,0,0,0,0,0,0,0,4,1,2,1,0,0,83,1,0,0,0,0,0,0,0,0,0,0,0,0,0,0,0,0,0,0,0,0,0,0,0,0,0,0,2,1,0,0,0,0,0,0,0,0,0,0,0,0,0,0,0,0,0,0,0,0,0,0,0,0,0,0,0,0,0,0,0,0,0,0,0,0,1,1,0,0,0,0,0,0,4,2,0,0,0,0,0,0,0,0,0,0,0,0,0,0,10,1,0,0,0,0,0,0,94,4,0,0,0,0,0,0,1,1,0,0,0,0,0,0,0,0,0,0,0,0,0,0,0,0,0,0,9,2,0,0,0,0,0,0,0,0,0,0,0,0,0,0,0,0,0,0,0,0,0,0,0,0,4,1,0,0,0,0,0,0,0,0,0,0,0,0,0,0,0,0,0,0,0,0,0,0,1,1,0,0,7,1,0,0,0,0,0,0,36,3,0,0,0,0,0,0,0,0,0,0,0,0,0,0,0,0
ID_Forest_Hailey,429,9,43.562756667,-114.46723,0,0.4681712222,5142.1111111,0.9656565556,0,0.6831521237,293.07226107,0.0980705386,42.072261072,0.4428904429,190,0.0326340326,14,5,45,0.2222222222,0.048951049,0,0,0.0023310023,0.1111111111,0.006993007,0.2222222222,0,0,0.351981352,0.4444444444,0,0,0.0722610723,0,0,0,1,1,0,0,0,0,8,1,3,1,0,0,30,1,0,0,0,0,0,0,0,0,0,0,0,0,0,0,0,0,0,0,0,0,0,0,0,0,0,0,21,2,0,0,0,0,0,0,0,0,7,1,0,0,0,0,0,0,0,0,0,0,0,0,0,0,0,0,0,0,0,0,0,0,0,0,0,0,0,0,0,0,0,0,0,0,45,3,0,0,0,0,1,1,1,1,0,0,0,0,0,0,17,1,0,0,0,0,0,0,151,4,0,0,0,0,0,0,0,0,0,0,1,1,0,0,0,0,0,0,6,1,0,0,0,0,0,0,4,1,0,0,0,0,0,0,0,0,0,0,3,1,0,0,0,0,14,1,0,0,0,0,0,0,22,1,0,0,0,0,4,1,1,1,0,0,0,0,0,0,0,0,0,0,0,0,0,0,6,1,2,1,1,1,0,0,0,0,0,0,18,3,0,0,0,0,0,0,0,0,0,0,0,0,0,0,0,0
ID_Forest_Sun_Valley,538,11,43.704735455,-114.2174382,0,0.5528350909,6341.5454545,0.9798650909,0,0.8686654413,467.34200743,0.4132751068,222.34200743,0.3921933086,211,0.0334572491,18,1.0909090909,12,0.1818181818,0.0130111524,0,0,0,0,0.0111524164,0.1818181818,0,0,0.3513011152,0.3636363636,0,0,0.3420074349,0,0,0,0,0,0,0,0,0,11,1,0,0,0,0,171,2,0,0,0,0,0,0,0,0,0,0,0,0,0,0,0,0,0,0,0,0,0,0,0,0,0,0,7,2,0,0,0,0,0,0,0,0,6,2,0,0,0,0,0,0,0,0,0,0,0,0,0,0,0,0,0,0,0,0,1,1,0,0,0,0,7,2,0,0,0,0,0,0,30,3,0,0,0,0,16,1,3,1,0,0,0,0,0,0,1,1,0,0,0,0,0,0,189,4,0,0,0,0,0,0,1,1,7,1,0,0,0,0,0,0,0,0,0,0,0,0,0,0,0,0,0,0,0,0,0,0,0,0,0,0,0,0,10,1,0,0,0,0,1,1,0,0,0,0,0,0,12,1,0,0,1,1,0,0,0,0,0,0,0,0,1,1,0,0,0,0,7,1,0,0,3,1,3,1,6,1,0,0,0,0,0,0,21,2,0,0,0,0,0,0,0,0,0,0,0,0,0,0,0,0
IL_Forest_Urbana,372,13,40.135530769,-88.15221385,0.436392,38.340792308,11211.230769,0.9638520769,1.8662522948,7.6068981963,2829.766129,2.8300164759,1052.766129,2.8413978495,1057,0,0,52,676,0.0769230769,0.0241935484,0,0,1.752688172,0.3076923077,0.0053763441,0.1538461538,2.8413978495,0.2307692308,0,0,1.4247311828,0.6021505376,2.7661290323,0,0,0,0,0,0,0,0,0,0,0,0,0,0,0,0,0,0,0,0,0,0,0,0,0,0,0,0,0,0,0,0,0,0,0,0,0,0,0,0,0,1,1,9,1,0,0,0,0,9,1,0,0,1,1,0,0,0,0,0,0,0,0,4,1,2,1,530,2,224,2,0,0,0,0,0,0,0,0,0,0,0,0,0,0,0,0,0,0,78,2,0,0,0,0,0,0,1,1,0,0,0,0,0,0,0,0,0,0,0,0,0,0,0,0,0,0,0,0,0,0,0,0,0,0,652,4,0,0,0,0,0,0,0,0,0,0,4,1,0,0,14,1,0,0,0,0,0,0,0,0,0,0,0,0,0,0,0,0,0,0,0,0,0,0,0,0,139,2,0,0,1,1,0,0,0,0,0,0,0,0,0,0,0,0,0,0,0,0,0,0,13,1,1,1,275,2,0,0,3,1,42,1,0,0,0,0,0,0,0,0,1057,3,0,0,0,0,0,0,2,1
IL_Grassland_Nachusa_Grasslands,356,10,41.895031,-89.339514,0.321487679,7.1118561,10556.3,0.9942528,0.5375278408,2.7765512562,988.45224719,0.8748658629,311.45224719,1.1179775281,398,0,0,20.8,208,0.2,0.1376404494,0,0,0.356741573,0.3,0,0,1.1179775281,0.3,0,0,0.452247191,0,0.452247191,0,0,0,0,0,0,0,0,0,0,0,0,0,3,1,0,0,0,0,0,0,0,0,0,0,0,0,0,0,0,0,0,0,0,0,0,0,0,0,0,0,18,3,49,2,0,0,0,0,1,1,0,0,20,2,0,0,0,0,0,0,0,0,0,0,63,1,161,1,0,0,0,0,0,0,0,0,0,0,0,0,0,0,0,0,0,0,0,0,298,5,0,0,0,0,0,0,0,0,0,0,0,0,0,0,0,0,0,0,0,0,0,0,0,0,0,0,0,0,0,0,0,0,0,0,127,3,0,0,31,2,0,0,0,0,0,0,1,1,0,0,28,1,0,0,0,0,0,0,0,0,0,0,0,0,0,0,0,0,1,1,0,0,0,0,0,0,56,1,0,0,0,0,0,0,0,0,0,0,0,0,0,0,0,0,0,0,0,0,0,0,56,1,0,0,0,0,0,0,145,2,71,1,0,0,0,0,0,0,0,0,398,3,0,0,0,0,19,4,0,0
IN_Forest_Purdue_Lugar,323,7,40.425804286,-86.95975571,0.0577201057,103.65275714,11868.857143,0.8672092857,2.779278363,4.6398987817,1498.6873065,2.7080102368,874.6873065,1.3250773994,428,0,0,24.714285714,173,0.2857142857,0.0897832817,0,0,0.427244582,0.5714285714,0,0,1.3250773994,0.4285714286,0,0,1.479876161,1.2012383901,2.6873065015,0,0,0,0,0,0,0,0,0,0,0,0,0,0,0,0,0,0,0,0,0,0,0,0,0,0,0,0,0,0,0,0,0,0,0,0,0,0,0,0,0,0,0,29,2,0,0,0,0,0,0,0,0,2,1,3,2,0,0,0,0,0,0,0,0,3,1,478,2,388,3,0,0,0,0,0,0,0,0,0,0,0,0,0,0,0,0,0,0,13,2,0,0,0,0,0,0,0,0,0,0,0,0,0,0,0,0,0,0,0,0,0,0,0,0,0,0,0,0,0,0,0,0,0,0,138,4,0,0,0,0,0,0,0,0,0,0,0,0,0,0,6,1,0,0,0,0,0,0,0,0,0,0,0,0,0,0,0,0,0,0,0,0,0,0,0,0,33,1,0,0,0,0,0,0,0,0,0,0,0,0,0,0,0,0,0,0,0,0,0,0,0,0,0,0,2,1,0,0,5,1,23,1,0,0,0,0,0,0,0,0,428,3,0,0,0,0,38,7,1,1
IN_Forest_Purdue_PWA_Martell,570,11,40.441579091,-87.04164818,0.1989313909,35.575118182,10731.363636,0.9446508182,2.0107014864,3.2953955063,1878.3754386,1.4006586642,798.3754386,0.7894736842,450,0,0,54.090909091,595,0.0909090909,0.0245614035,0,0,1.0052631579,0.3636363636,0,0,0.7894736842,0.4545454545,0,0,1.0473684211,0.2175438596,1.3754385965,0,0,0,0,0,0,0,0,0,0,0,0,0,0,0,0,0,0,0,1,1,0,0,0,0,0,0,0,0,0,0,0,0,0,0,0,0,0,0,0,0,0,0,14,1,0,0,0,0,3,1,0,0,9,1,0,0,0,0,0,0,0,0,6,1,5,1,597,2,124,1,0,0,0,0,0,0,0,0,0,0,0,0,0,0,0,0,0,0,76,7,0,0,0,0,0,0,0,0,0,0,0,0,0,0,0,0,0,0,0,0,0,0,0,0,0,0,0,0,0,0,0,0,0,0,573,4,0,0,0,0,0,0,0,0,0,0,0,0,0,0,8,1,0,0,0,0,0,0,0,0,0,0,0,0,6,1,0,0,0,0,0,0,0,0,0,0,59,1,0,0,1,1,0,0,0,0,0,0,0,0,0,0,0,0,0,0,0,0,0,0,1,1,0,0,57,1,0,0,17,1,34,1,0,0,0,0,0,0,0,0,450,5,0,0,0,0,1,1,1,1
KS_Forest_Lawrence,449,12,39.045205833,-95.20256667,0.0135445293,12.639708333,13277.166667,0.8158093333,2.4653299086,1.8196883944,817.04008909,0.0624500871,28.040089087,1.4610244989,656,0,0,10.5,126,0.25,0.0445434298,0,0,0.2360801782,0.3333333333,0,0,1.4610244989,0.4166666667,0,0,0.0244988864,0.0155902004,0.0400890869,0,0,0,0,0,0,0,0,0,0,0,0,0,0,0,0,0,0,0,0,0,0,0,0,0,0,0,0,0,0,0,0,0,0,0,0,0,0,0,0,0,0,0,20,3,0,0,0,0,14,1,0,0,0,0,0,0,0,0,0,0,0,0,0,0,7,1,11,2,7,1,0,0,0,0,0,0,0,0,0,0,0,0,0,0,0,0,0,0,44,3,0,0,0,0,0,0,0,0,0,0,0,0,0,0,0,0,0,0,0,0,0,0,0,0,0,0,0,0,0,0,0,0,0,0,106,4,0,0,0,0,0,0,0,0,0,0,0,0,0,0,0,0,0,0,0,0,0,0,0,0,0,0,0,0,0,0,0,0,0,0,0,0,0,0,0,0,93,2,0,0,0,0,0,0,0,0,0,0,0,0,0,0,0,0,0,0,3,1,0,0,0,0,0,0,0,0,0,0,28,1,7,1,0,0,0,0,0,0,0,0,656,5,0,0,0,0,3,3,0,0
KS_Forest_Pittsburg,493,17,37.437370588,-94.69862353,0.0637389647,208.60776471,11691.911765,0.7186786471,2.8835679111,2.5760443367,1269.989858,1.1115412941,547.98985801,0.6409736308,316,0,0,11.647058824,198,0.1176470588,0.0405679513,5,0.0588235294,0.3488843813,0.2352941176,0,0,0.6409736308,0.1764705882,0,0,0.9208924949,0.0243407708,0.9898580122,0,0,0,0,0,3,1,0,0,0,0,0,0,0,0,0,0,0,0,0,0,0,0,0,0,5,1,0,0,0,0,0,0,0,0,0,0,0,0,0,0,0,0,20,2,0,0,0,0,1,1,0,0,3,1,0,0,0,0,0,0,0,0,0,0,19,2,454,2,12,1,0,0,0,0,0,0,0,0,0,0,0,0,0,0,0,0,0,0,1,1,0,0,0,0,0,0,0,0,0,0,0,0,0,0,0,0,0,0,0,0,0,0,0,0,0,0,65,1,0,0,0,0,0,0,172,4,0,0,2,1,0,0,0,0,0,0,3,1,0,0,0,0,0,0,0,0,0,0,0,0,0,0,0,0,0,0,0,0,1,1,0,0,0,0,0,0,71,1,0,0,0,0,0,0,0,0,0,0,0,0,0,0,0,0,0,0,0,0,0,0,23,1,0,0,22,1,0,0,0,0,143,1,0,0,0,0,0,0,0,0,316,3,0,0,0,0,0,0,12,1
KY_Forest_Marshall_County,287,14,36.940374286,-88.48118857,0.0766758946,7.2998110714,17122.428571,0.7623789286,3.5129834378,1.3544780196,388.73519164,0.737753281,211.73519164,0.4390243902,126,0,0,3.2857142857,46,0.0714285714,0.0104529617,3,0.0714285714,0.1393728223,0.2857142857,0,0,0.4390243902,0.2857142857,0,0,0,0.7073170732,0.7351916376,0,0,0,0,0,0,0,0,0,0,0,0,0,0,0,0,0,0,0,0,0,0,0,0,0,3,1,0,0,0,0,0,0,0,0,0,0,0,0,0,0,0,0,3,1,0,0,0,0,0,0,0,0,0,0,0,0,0,0,0,0,0,0,0,0,0,0,0,0,203,2,0,0,0,0,0,0,0,0,0,0,0,0,0,0,0,0,0,0,0,0,0,0,0,0,0,0,0,0,0,0,0,0,0,0,0,0,0,0,0,0,0,0,0,0,0,0,0,0,0,0,0,0,0,0,40,4,1,1,0,0,0,0,0,0,0,0,2,1,0,0,0,0,0,0,0,0,0,0,0,0,0,0,0,0,0,0,0,0,0,0,0,0,0,0,0,0,11,2,0,0,0,0,0,0,0,0,0,0,0,0,0,0,0,0,0,0,0,0,0,0,0,0,0,0,8,2,0,0,0,0,5,1,0,0,0,0,0,0,0,0,126,4,0,0,0,0,18,7,0,0
LA_Forest_Hammond,420,10,30.527431,-90.475931,0.001836547,1152.5662,17203.92,0.4281954,4.8213607943,1.4677267574,616.4452381,0.4677267574,196.4452381,0.0547619048,23,0,0,36.4,364,0.1,0.030952381,1,0.1,0.3023809524,0.3,0,0,0.0547619048,0.3,0,0,0,0.4452380952,0.4452380952,0,0,0,0,0,0,0,0,0,0,0,0,0,0,0,0,0,0,0,0,0,0,0,0,0,1,1,0,0,0,0,0,0,0,0,0,0,0,0,0,0,0,0,13,1,0,0,0,0,10,1,0,0,4,1,0,0,0,0,0,0,0,0,0,0,1,1,0,0,187,2,0,0,0,0,0,0,0,0,0,0,0,0,0,0,2,2,0,0,20,4,0,0,0,0,0,0,0,0,0,0,0,0,0,0,0,0,0,0,0,0,0,0,0,0,0,0,12,1,0,0,0,0,0,0,127,3,0,0,0,0,0,0,0,0,0,0,0,0,0,0,221,2,0,0,0,0,0,0,0,0,0,0,0,0,0,0,0,0,0,0,8,1,0,0,0,0,14,1,0,0,0,0,0,0,0,0,0,0,0,0,0,0,0,0,0,0,0,0,0,0,0,0,0,0,0,0,0,0,0,0,21,1,0,0,0,0,0,0,0,0,23,3,0,0,0,0,0,0,0,0
MA_Forest_Amherst,527,18,42.379968889,-72.50866111,0.0691256322,253.61594444,13873.833333,0.9236538333,0.061034016,2.5412650461,1339.2466793,1.7063504351,899.24667932,0.2789373814,147,0.0113851992,6,11.666666667,210,0.0555555556,0.0189753321,4,0.0555555556,0.2694497154,0.1111111111,0,0,0.2770398482,0.1666666667,0,0,0,1.1480075901,1.2466793169,0,0,0,0,0,0,0,0,0,6,1,0,0,0,0,16,1,0,0,0,0,0,0,0,0,4,1,0,0,0,0,0,0,0,0,0,0,0,0,0,0,0,0,10,1,0,0,0,0,8,1,0,0,14,1,0,0,0,0,0,0,0,0,105,1,6,1,0,0,605,2,0,0,0,0,4,1,0,0,0,0,0,0,0,0,7,1,0,0,15,1,0,0,0,0,0,0,0,0,0,0,0,0,0,0,0,0,0,0,0,0,0,0,0,0,0,0,0,0,0,0,15,2,0,0,142,2,0,0,0,0,0,0,0,0,0,0,0,0,0,0,13,1,0,0,0,0,0,0,0,0,0,0,0,0,0,0,0,0,30,1,0,0,0,0,0,0,144,2,0,0,6,1,1,1,0,0,1,1,0,0,0,0,0,0,0,0,2,1,0,0,112,1,0,0,36,1,0,0,0,0,71,1,0,0,0,0,0,0,0,0,146,3,0,0,0,0,0,0,0,0
MA_Forest_Bridgewater_State_University,516,8,41.98595625,-70.95855,0.0064279148,1746.9335,15312.5625,0.832901125,2.2893171046,2.2194805,1145.251938,1.7504882519,903.25193798,0.2073643411,107,0,0,15.75,126,0.25,0.0968992248,0,0,0.0775193798,0.25,0.0058139535,0.125,0.2073643411,0.25,0,0,0,1.2325581395,1.2519379845,0,0,0,0,0,0,0,0,0,0,0,0,0,0,0,5,1,0,0,0,0,0,0,0,0,0,0,0,0,0,0,0,0,0,0,0,0,0,0,0,0,0,0,50,2,0,0,0,0,6,1,0,0,5,2,0,0,0,0,0,0,0,0,211,2,23,1,0,0,636,2,0,0,0,0,2,1,0,0,0,0,0,0,0,0,30,1,0,0,47,3,0,0,0,0,0,0,3,1,0,0,0,0,0,0,0,0,0,0,0,0,0,0,0,0,0,0,0,0,0,0,0,0,0,0,40,2,0,0,0,0,0,0,0,0,0,0,0,0,0,0,1,1,0,0,0,0,0,0,0,0,0,0,0,0,5,1,0,0,0,0,0,0,0,0,0,0,45,1,0,0,8,1,0,0,0,0,0,0,4,1,0,0,0,0,0,0,0,0,0,0,14,1,0,0,0,0,0,0,0,0,1,1,0,0,0,0,0,0,0,0,107,2,0,0,0,0,1,1,4,1
MA_Forest_Grafton,426,6,42.2166225,-71.70203967,0.0186715733,226.66016667,14430.333333,0.8871061667,0,2.0544810333,875.20892019,1.5685655403,668.20892019,0.3028169014,129,0,0,9.3333333333,56,0.1666666667,0.0117370892,0,0,0.0938967136,0.3333333333,0.0117370892,0.3333333333,0.3028169014,0.5,0,0,0,1.1455399061,1.2089201878,0,0,0,0,0,0,0,0,0,0,0,0,0,0,0,25,1,0,0,0,0,0,0,0,0,0,0,0,0,0,0,0,0,0,0,0,0,0,0,0,0,0,0,5,1,0,0,0,0,0,0,0,0,0,0,0,0,0,0,0,0,0,0,9,1,0,0,0,0,488,2,0,0,0,0,2,1,0,0,0,0,0,0,0,0,3,1,0,0,2,2,0,0,0,0,0,0,3,1,0,0,0,0,0,0,0,0,0,0,0,0,0,0,0,0,0,0,0,0,0,0,0,0,0,0,40,2,0,0,0,0,0,0,0,0,0,0,0,0,0,0,3,1,0,0,0,0,0,0,0,0,0,0,0,0,0,0,0,0,0,0,0,0,0,0,0,0,41,1,0,0,0,0,0,0,1,1,123,1,2,1,0,0,0,0,0,0,0,0,0,0,17,1,2,1,2,1,0,0,0,0,20,1,0,0,0,0,0,0,0,0,129,3,0,0,0,0,2,1,0,0
MA_Forest_Tufts,382,10,42.2435876,-71.6773115,0.0295684154,36.739593,15760.5,0.9226994,0,2.7205531647,1039.2513089,1.7729091856,677.2513089,0.3717277487,142,0,0,20.7,207,0.1,0.0811518325,1,0.1,0.3926701571,0.4,0,0,0.3717277487,0.3,0,0,0,1.2434554974,1.2513089005,0,0,0,0,0,79,1,0,0,0,0,0,0,0,0,2,1,0,0,0,0,0,0,0,0,1,1,0,0,0,0,0,0,0,0,0,0,0,0,0,0,0,0,31,1,0,0,0,0,0,0,0,0,0,0,0,0,0,0,0,0,0,0,2,1,32,2,0,0,475,2,0,0,0,0,4,1,0,0,0,0,0,0,0,0,11,2,0,0,2,1,0,0,0,0,0,0,0,0,0,0,0,0,0,0,0,0,0,0,0,0,0,0,0,0,63,1,0,0,8,1,0,0,0,0,150,4,0,0,0,0,0,0,0,0,0,0,0,0,0,0,9,1,0,0,0,0,0,0,0,0,0,0,0,0,0,0,0,0,1,1,0,0,0,0,0,0,23,1,0,0,0,0,0,0,0,0,3,1,2,1,0,0,0,0,0,0,0,0,0,0,17,1,0,0,1,1,0,0,0,0,5,1,0,0,0,0,0,0,0,0,142,3,0,0,0,0,27,9,0,0
MD_Forest_Baltimore,339,16,39.32886,-76.620915,0.0009182743,2734.3733125,13997.03125,0.8485504375,2.9759792852,7.5810165244,2569.9646018,4.0736418931,1380.9646018,2.2595870206,766,0,0,26.1875,419,0,0,0,0,0.6312684366,0.1875,0,0,2.2595870206,0.1875,0,0,0.017699115,3.8289085546,3.9646017699,0,0,0,0,0,0,0,0,0,0,0,0,0,0,0,0,0,0,0,0,0,0,0,0,0,0,0,0,0,0,0,0,0,0,0,0,0,0,0,0,0,0,0,0,0,0,0,0,0,91,1,0,0,2,1,0,0,0,0,0,0,0,0,0,0,27,1,6,1,1298,2,0,0,0,0,0,0,0,0,0,0,0,0,0,0,0,0,0,0,9,2,0,0,0,0,0,0,0,0,0,0,0,0,0,0,0,0,0,0,0,0,0,0,0,0,0,0,0,0,0,0,0,0,0,0,214,3,1,1,0,0,0,0,0,0,0,0,1,1,0,0,205,2,0,0,0,0,0,0,0,0,0,0,0,0,0,0,0,0,0,0,0,0,0,0,0,0,110,1,0,0,0,0,0,0,0,0,0,0,0,0,0,0,0,0,0,0,0,0,0,0,1,1,0,0,40,1,0,0,0,0,4,1,0,0,0,0,0,0,0,0,766,3,0,0,0,0,0,0,5,1
ME_Forest_Piscataquis_County,408,7,46.013771429,-69.16007143,0,0.0002868086,11565.571429,1.6512742857,0,0.6751129373,275.44607843,0.6260933295,255.44607843,0.0073529412,3,0.0073529412,3,1.8571428571,13,0.1428571429,0.0073529412,0,0,0,0,0.0024509804,0.1428571429,0,0,0,0,0,0.012254902,0.4460784314,0,0,0,0,0,0,0,0,0,3,1,7,1,0,0,151,1,0,0,0,0,0,0,0,0,0,0,0,0,0,0,0,0,0,0,1,1,0,0,0,0,0,0,3,1,0,0,0,0,0,0,0,0,0,0,0,0,0,0,0,0,0,0,0,0,0,0,0,0,5,1,0,0,0,0,2,1,0,0,0,0,0,0,0,0,0,0,0,0,0,0,0,0,0,0,0,0,1,1,0,0,0,0,0,0,3,1,0,0,0,0,0,0,0,0,0,0,0,0,0,0,0,0,13,1,0,0,0,0,7,1,0,0,0,0,0,0,0,0,0,0,0,0,0,0,0,0,0,0,27,3,0,0,60,1,0,0,3,1,0,0,0,0,0,0,0,0,51,1,0,0,0,0,0,0,0,0,0,0,0,0,0,0,0,0,0,0,0,0,0,0,6,1,0,0,13,1,0,0,0,0,0,0,0,0,0,0,0,0,0,0,0,0,0,0,0,0,0,0,0,0
MI_Forest_Detroit,264,27,42.375727778,-83.13978148,0.0016664965,1072.2965667,9400.1311111,0.9399504444,0,4.4511162764,1175.094697,3.3564193067,886.09469697,0.3484848485,92,0,0,5.1481481481,139,0.037037037,0.0340909091,0,0,0.4431818182,0.1111111111,0,0,0.3484848485,0.1111111111,0,0,0.7386363636,2.3143939394,3.0946969697,0,0,0,0,0,0,0,0,0,0,0,0,0,0,0,0,0,0,0,0,0,0,0,0,0,0,0,0,0,0,0,0,0,0,0,0,0,0,0,0,0,0,0,9,1,0,0,0,0,69,1,0,0,51,2,0,0,0,0,0,0,0,0,0,0,65,1,195,2,611,4,0,0,0,0,0,0,0,0,0,0,0,0,0,0,2,1,0,0,273,32,0,0,0,0,0,0,0,0,0,0,0,0,0,0,0,0,0,0,0,0,0,0,0,0,0,0,0,0,0,0,0,0,0,0,117,3,0,0,0,0,0,0,0,0,0,0,0,0,0,0,2,1,0,0,0,0,0,0,0,0,0,0,0,0,0,0,0,0,9,1,0,0,0,0,0,0,23,1,0,0,0,0,0,0,0,0,0,0,0,0,0,0,0,0,0,0,0,0,0,0,0,0,0,0,11,1,0,0,156,1,58,1,0,0,0,0,0,0,0,0,92,3,0,0,0,0,0,0,1,1
MI_Forest_Kellogg,453,11,42.484654545,-85.45461091,0.1503464182,13.4098,10918.727273,0.9830159091,0,7.5965430366,3441.2339956,3.4287726172,1553.2339956,2.9337748344,1329,0,0,41.545454545,457,0.0909090909,0.0220750552,0,0,0.9801324503,0.2727272727,0,0,2.9337748344,0.3636363636,0,0,2.7593818985,0.2781456954,3.233995585,0,0,0,0,0,0,0,0,0,0,0,0,0,0,0,0,0,0,0,0,0,0,0,0,0,0,0,0,0,0,0,0,0,0,0,0,0,0,0,0,0,0,0,10,1,0,0,0,0,9,1,0,0,0,0,0,0,0,0,0,0,0,0,42,1,33,1,1250,3,126,1,0,0,0,0,0,0,0,0,0,0,0,0,0,0,0,0,0,0,21,3,0,0,0,0,0,0,0,0,0,0,0,0,0,0,0,0,0,0,0,0,0,0,0,0,0,0,0,0,0,0,0,0,0,0,444,3,0,0,6,1,0,0,0,0,0,0,3,1,0,0,2,1,0,0,0,0,0,0,0,0,0,0,0,0,0,0,0,0,1,1,0,0,0,0,0,0,83,2,0,0,1,1,0,0,0,0,0,0,0,0,0,0,0,0,0,0,0,0,0,0,0,0,0,0,89,1,0,0,3,1,101,2,0,0,0,0,0,0,0,0,1329,4,0,0,0,0,123,8,4,1
MI_Forest_Upper_Peninsula,1674,28,46.633556429,-87.5330875,0.000065591,1.6643681179,14750.55,1.06104475,0,0.6894213846,1154.0913978,0.165526522,277.09139785,0.4008363202,671,0.0400238949,67,4.6785714286,131,0.0714285714,0.0238948626,0,0,0.0304659498,0.1428571429,0,0,0.4008363202,0.1785714286,0,0,0,0.0107526882,0.0913978495,0,0,0,0,0,0,0,0,0,57,2,3,1,1,1,128,2,0,0,25,3,0,0,0,0,0,0,0,0,0,0,0,0,0,0,0,0,0,0,0,0,0,0,40,2,0,0,0,0,0,0,0,0,125,4,0,0,0,0,0,0,0,0,65,1,2,1,0,0,18,1,0,0,0,0,6,1,0,0,0,0,10,5,0,0,3,2,0,0,269,6,0,0,0,0,0,0,0,0,0,0,0,0,0,0,0,0,0,0,0,0,0,0,0,0,0,0,0,0,0,0,5,1,0,0,51,4,0,0,1,1,0,0,0,0,0,0,0,0,0,0,25,1,0,0,0,0,0,0,0,0,0,0,1,1,0,0,0,0,0,0,0,0,0,0,0,0,45,1,0,0,8,1,0,0,16,1,0,0,9,1,0,0,2,1,0,0,0,0,0,0,25,1,0,0,7,1,0,0,94,2,0,0,0,0,0,0,0,0,0,0,671,5,0,0,0,0,2,2,0,0
MI_Forest_Upper_Peninsula_2,363,10,46.238063,-88.261434,0,0.002388089,12892,1.115639,0,0.4517906336,164,0,0,0.4159779614,151,0.0110192837,4,0.7,7,0.2,0.0082644628,2,0.1,0,0,0,0,0.4049586777,0.3,0,0,0,0,0,0,0,0,0,0,0,0,0,0,3,1,0,0,0,0,0,0,0,0,0,0,0,0,0,0,2,1,0,0,0,0,0,0,0,0,0,0,0,0,0,0,0,0,3,2,0,0,0,0,0,0,0,0,4,1,0,0,0,0,0,0,0,0,0,0,0,0,0,0,0,0,0,0,0,0,0,0,0,0,0,0,1,1,0,0,0,0,0,0,11,2,0,0,0,0,0,0,0,0,0,0,0,0,0,0,4,1,0,0,0,0,0,0,0,0,0,0,0,0,0,0,0,0,0,0,0,0,0,0,0,0,0,0,0,0,0,0,0,0,0,0,2,1,0,0,0,0,0,0,0,0,0,0,0,0,0,0,0,0,0,0,0,0,0,0,0,0,13,1,0,0,2,1,0,0,0,0,0,0,0,0,0,0,0,0,0,0,0,0,0,0,0,0,0,0,0,0,0,0,27,3,0,0,0,0,0,0,0,0,0,0,147,3,0,0,0,0,3,2,0,0
MN_Forest_Itasca_County,526,16,47.63665875,-93.46864875,0.0000573921,1.856842875,12107.0625,1.0187559375,0,1.5004698637,789.24714829,0.5841200538,307.24714829,0.8098859316,426,0.0171102662,9,2.9375,47,0.125,0.0114068441,0,0,0.0646387833,0.0625,0,0,0.8098859316,0.125,0,0,0,0,0.247148289,0,0,0,1,1,0,0,0,0,3,1,0,0,0,0,122,1,0,0,0,0,0,0,0,0,0,0,0,0,0,0,0,0,0,0,0,0,0,0,0,0,0,0,6,2,0,0,0,0,0,0,0,0,0,0,0,0,0,0,0,0,0,0,0,0,0,0,0,0,0,0,0,0,0,0,0,0,0,0,0,0,6,1,0,0,4,1,0,0,16,4,0,0,0,0,0,0,0,0,0,0,0,0,0,0,0,0,0,0,0,0,0,0,0,0,0,0,0,0,0,0,32,1,2,1,34,1,0,0,0,0,0,0,0,0,0,0,0,0,0,0,1,1,0,0,0,0,0,0,0,0,0,0,121,1,0,0,12,2,1,1,0,0,0,0,0,0,150,1,0,0,0,0,0,0,0,0,0,0,18,1,0,0,0,0,0,0,0,0,0,0,6,1,0,0,6,1,0,0,23,4,0,0,0,0,0,0,0,0,0,0,426,2,0,0,0,0,0,0,0,0
MO_Anthropogenic_University_of_Missouri,682,14,39.018199286,-92.763735,0.1091434057,37.269722857,11963.642857,0.7746072143,2.689891039,3.2342235619,2205.7404692,0.8896487818,606.74046921,1.4648093842,999,0,0,33.785714286,473,0.2142857143,0.1847507331,11,0.0714285714,0.4692082111,0.2142857143,0,0,1.4648093842,0.3571428571,0,0,0.1158357771,0.5674486804,0.7404692082,0,0,0,0,0,0,0,0,0,0,0,0,0,0,0,0,0,0,0,0,0,0,0,0,0,11,1,0,0,0,0,0,0,0,0,0,0,0,0,0,0,0,0,126,3,0,0,0,0,2,1,454,14,1,1,0,0,0,0,0,0,0,0,0,0,96,2,79,1,387,1,0,0,0,0,0,0,0,0,0,0,0,0,0,0,5,1,0,0,98,2,0,0,0,0,0,0,0,0,0,0,0,0,0,0,0,0,0,0,0,0,0,0,0,0,0,0,1,1,1,1,0,0,0,0,320,3,1,1,1,1,0,0,0,0,0,0,2,1,0,0,6,1,0,0,0,0,0,0,0,0,0,0,0,0,0,0,0,0,5,1,0,0,0,0,0,0,205,2,0,0,3,1,0,0,0,0,0,0,0,0,0,0,0,0,0,0,0,0,0,0,0,0,0,0,39,1,0,0,184,2,122,2,0,0,0,0,0,0,0,0,999,5,0,0,0,0,10,3,4,1
MO_Forest_Bull_Shoals,497,11,36.568113636,-93.07053818,0.0005008767,10.1395,14836.272727,0.714208,3.5226843849,0.7429445891,369.24346076,0.2499868426,124.24346076,0.4265593561,212,0,0,0.4545454545,5,0.0909090909,0.0080482897,1,0.0909090909,0,0,0,0,0.4265593561,0.2727272727,0,0,0.0040241449,0.2213279678,0.2434607646,0,0,0,0,0,0,0,0,0,0,0,0,0,0,0,0,0,0,0,0,0,0,0,0,0,1,1,0,0,0,0,0,0,0,0,0,0,0,0,0,0,0,0,4,1,0,0,0,0,0,0,0,0,0,0,0,0,0,0,0,0,0,0,0,0,0,0,2,1,110,2,0,0,0,0,0,0,0,0,0,0,0,0,0,0,0,0,0,0,2,1,0,0,0,0,0,0,0,0,0,0,0,0,0,0,0,0,0,0,0,0,0,0,0,0,0,0,23,2,0,0,0,0,0,0,0,0,0,0,0,0,0,0,0,0,0,0,0,0,0,0,0,0,0,0,0,0,0,0,0,0,0,0,0,0,0,0,0,0,0,0,0,0,0,0,0,0,10,1,0,0,0,0,0,0,0,0,0,0,0,0,0,0,0,0,0,0,0,0,0,0,3,1,0,0,9,1,0,0,0,0,5,1,0,0,0,0,0,0,0,0,212,3,0,0,0,0,17,6,0,0
MS_Forest_Dahomey,506,11,33.717299091,-90.93067455,0.2406712636,0.0581304182,14022,0.6431734545,4.0270099479,1.8722679623,947.36758893,0.4177225078,211.36758893,0.6363636364,322,0,0,27.909090909,307,0.0909090909,0.0335968379,7,0.0909090909,0.5592885375,0.2727272727,0,0,0.3359683794,0.2727272727,0,0,0.0217391304,0.3003952569,0.3675889328,0,0,0,0,0,0,0,0,0,0,0,0,0,0,0,0,0,0,0,0,0,0,0,0,0,7,1,0,0,0,0,0,0,0,0,0,0,0,0,0,0,0,0,17,1,0,0,0,0,0,0,0,0,2,1,0,0,0,0,0,0,0,0,0,0,18,1,11,1,152,1,0,0,0,0,0,0,0,0,0,0,0,0,0,0,0,0,0,0,1,1,0,0,0,0,0,0,0,0,0,0,0,0,0,0,0,0,0,0,0,0,0,0,0,0,0,0,28,1,0,0,0,0,0,0,283,3,0,0,0,0,0,0,0,0,0,0,0,0,0,0,0,0,0,0,0,0,0,0,0,0,0,0,0,0,5,1,0,0,0,0,5,1,0,0,0,0,115,1,0,0,0,0,0,0,0,0,2,1,0,0,0,0,0,0,0,0,0,0,0,0,0,0,0,0,18,1,0,0,0,0,79,1,0,0,0,0,0,0,0,0,170,3,0,0,152,3,0,0,0,0
MS_Forest_Starkville,471,9,33.341111222,-88.91606878,0.0062238667,0.9290528889,14062.777778,0.6107473333,4.4996781543,1.183189762,557.28237792,0.3211940083,151.28237792,0.4819532909,227,0,0,12,108,0.1111111111,0.0127388535,3,0.1111111111,0.2101910828,0.3333333333,0,0,0.4819532909,0.2222222222,0,0,0.0106157113,0.2675159236,0.2823779193,0,0,0,0,0,0,0,0,0,0,0,0,0,0,0,0,0,0,0,0,0,0,0,0,0,3,1,0,0,0,0,0,0,0,0,0,0,0,0,0,0,0,0,6,1,0,0,0,0,0,0,0,0,2,1,0,0,0,0,0,0,0,0,0,0,0,0,5,1,126,1,0,0,0,0,0,0,0,0,0,0,0,0,0,0,0,0,0,0,4,1,0,0,0,0,0,0,0,0,0,0,0,0,0,0,0,0,0,0,0,0,0,0,0,0,0,0,16,1,0,0,0,0,0,0,99,3,1,1,0,0,0,0,0,0,0,0,0,0,0,0,0,0,0,0,0,0,0,0,0,0,0,0,0,0,0,0,0,0,0,0,5,1,0,0,0,0,25,1,0,0,0,0,0,0,0,0,13,1,0,0,0,0,0,0,0,0,0,0,0,0,0,0,0,0,2,1,0,0,0,0,55,1,0,0,0,0,0,0,0,0,227,2,0,0,0,0,38,3,0,0
MT_Arrow S Ranch,1055,16,48.077275,-112.6858769,0.044134584,0.8296715125,6736.125,1.0161086875,0.4332169878,0.9535643853,1006.0104265,0.1156496934,122.01042654,0.6938388626,732,0.0407582938,43,6.8125,109,0.1875,0.0872037915,9,0.0625,0,0,0,0,0.3857819905,0.25,0.1450236967,0.25,0,0,0.0104265403,0,0,0,2,1,0,0,0,0,0,0,0,0,0,0,11,1,0,0,0,0,0,0,0,0,9,1,40,2,0,0,0,0,0,0,0,0,0,0,0,0,0,0,92,3,0,0,0,0,0,0,933,18,0,0,34,8,0,0,0,0,0,0,0,0,0,0,0,0,0,0,0,0,0,0,0,0,0,0,0,0,0,0,0,0,0,0,0,0,2,2,0,0,0,0,0,0,0,0,0,0,0,0,0,0,2,1,0,0,25,1,0,0,153,4,0,0,0,0,0,0,6,1,0,0,0,0,0,0,0,0,0,0,3,1,0,0,0,0,0,0,0,0,0,0,0,0,0,0,2,1,12,3,60,1,0,0,0,0,6,1,0,0,0,0,0,0,23,2,0,0,0,0,12,2,0,0,0,0,0,0,0,0,0,0,0,0,4,1,0,0,11,1,0,0,0,0,0,0,12,1,0,0,158,12,0,0,0,0,0,0,407,4,5,1,0,0,0,0,0,0
MT_autumn_PN_2019,95,11,47.660822727,-109.7435927,0.0750480427,0.0533175,4665.9090909,0.9140802727,1.0248913599,0.3684210526,35,0.1894736842,18,0.1473684211,14,0,0,0.2727272727,3,0.0909090909,0.0315789474,0,0,0,0,0,0,0,0,0.0736842105,0.1818181818,0,0,0,0,0,0,0,0,0,0,0,0,0,0,0,0,0,0,0,0,0,0,0,0,0,0,18,4,0,0,0,0,0,0,0,0,0,0,0,0,0,0,0,0,0,0,3,1,0,0,0,0,0,0,208,8,0,0,0,0,0,0,0,0,0,0,0,0,0,0,0,0,0,0,0,0,0,0,0,0,0,0,0,0,0,0,0,0,0,0,0,0,0,0,0,0,0,0,0,0,0,0,0,0,0,0,0,0,0,0,0,0,0,0,0,0,7,2,0,0,0,0,0,0,0,0,0,0,0,0,0,0,0,0,3,1,0,0,0,0,0,0,0,0,0,0,0,0,0,0,0,0,0,0,0,0,0,0,0,0,0,0,0,0,0,0,0,0,0,0,0,0,0,0,0,0,3,1,0,0,0,0,0,0,0,0,0,0,0,0,0,0,0,0,0,0,0,0,0,0,0,0,0,0,0,0,1,1,0,0,0,0,0,0,0,0,0,0,0,0,0,0,0,0
MT_autumn_Sun_Prairie_2019,522,47,47.759252128,-107.7760402,0.009886096,0.007973955,3342.2553191,0.9021821064,0.2348561465,0.9559386973,499,0.438697318,229,0.4770114943,249,0,0,0.4468085106,21,0.0425531915,0.0363984674,1,0.0212765957,0,0,0,0,0.0766283525,0.0425531915,0.0957854406,0.0425531915,0,0,0,0,0,0,1,1,0,0,132,16,0,0,0,0,0,0,0,0,0,0,0,0,0,0,174,11,1,1,0,0,0,0,0,0,0,0,0,0,0,0,0,0,0,0,19,2,1,1,0,0,0,0,51,9,0,0,0,0,0,0,0,0,0,0,0,0,0,0,0,0,0,0,0,0,0,0,0,0,0,0,0,0,0,0,0,0,0,0,0,0,0,0,0,0,0,0,0,0,0,0,0,0,0,0,0,0,0,0,0,0,0,0,0,0,50,2,0,0,0,0,0,0,3,1,0,0,0,0,0,0,0,0,7,1,0,0,0,0,0,0,0,0,0,0,0,0,0,0,0,0,0,0,0,0,0,0,0,0,0,0,0,0,0,0,0,0,0,0,0,0,0,0,0,0,14,1,0,0,0,0,0,0,0,0,0,0,0,0,0,0,0,0,51,2,0,0,0,0,0,0,0,0,0,0,6,2,0,0,0,0,0,0,40,2,0,0,0,0,0,0,0,0
MT_autumn_White_Rock_2019,486,42,47.99121881,-108.0015481,0.0241155891,0.0908257483,4019.5,0.9068654762,0.8379561477,0.5884773663,286,0.0432098765,21,0.5,243,0,0,0.5,21,0.0476190476,0.0329218107,0,0,0.0020576132,0.0238095238,0.0041152263,0.0238095238,0.0679012346,0.0714285714,0.1316872428,0.0476190476,0,0,0,0,0,0,2,1,0,0,65,16,0,0,0,0,0,0,0,0,0,0,0,0,0,0,17,3,0,0,0,0,0,0,0,0,0,0,0,0,0,0,0,0,0,0,16,2,0,0,0,0,0,0,262,11,0,0,0,0,0,0,0,0,0,0,0,0,0,0,0,0,0,0,0,0,0,0,0,0,0,0,0,0,0,0,0,0,0,0,0,0,0,0,0,0,0,0,0,0,2,1,0,0,0,0,0,0,2,1,0,0,0,0,0,0,64,2,0,0,0,0,0,0,0,0,0,0,1,1,0,0,0,0,65,3,0,0,0,0,0,0,0,0,0,0,0,0,0,0,0,0,0,0,0,0,0,0,0,0,0,0,0,0,0,0,0,0,0,0,0,0,0,0,1,1,13,1,0,0,0,0,0,0,0,0,0,0,0,0,2,1,0,0,1,1,0,0,0,0,0,0,2,1,0,0,1,1,0,0,0,0,0,0,33,3,1,1,0,0,0,0,0,0
MT_Blackfoot Challenge,990,15,47.06568,-113.0853727,0.0004285276,0.1022317333,7979.8,0.9650383333,0,1.37879196,1365.0040404,0.0070747883,7.004040404,1.2767676768,1264,0.0737373737,73,1.2666666667,19,0.1333333333,0.003030303,2,0.0666666667,0,0,0,0,1.1808080808,0.2666666667,0.003030303,0.0666666667,0,0,0.004040404,0,0,0,0,0,0,0,0,0,63,2,0,0,0,0,4,1,0,0,0,0,0,0,0,0,2,1,4,2,0,0,0,0,0,0,0,0,0,0,0,0,0,0,3,2,0,0,0,0,0,0,13,4,0,0,0,0,0,0,0,0,0,0,0,0,0,0,0,0,0,0,0,0,0,0,0,0,0,0,0,0,2,1,0,0,0,0,0,0,3,1,0,0,0,0,0,0,0,0,0,0,0,0,0,0,21,1,0,0,0,0,0,0,3,1,0,0,0,0,0,0,0,0,0,0,0,0,0,0,0,0,0,0,0,0,0,0,0,0,0,0,12,1,0,0,0,0,0,0,4,2,0,0,3,1,0,0,0,0,2,1,0,0,0,0,0,0,19,1,4,1,2,1,14,2,0,0,0,0,0,0,0,0,0,0,0,0,0,0,0,0,0,0,0,0,0,0,0,0,3,1,0,0,57,5,0,0,0,0,0,0,1169,4,0,0,0,0,0,0,0,0
MT_Heirmosa Ranch,616,10,48.122382,-112.650417,0.02479339,0.240950495,5949.1,1.0057909,0,0.7061714665,435.00162338,0.0162364016,10.001623377,0.6201298701,382,0.0064935065,4,3.9,39,0.3,0.0422077922,0,0,0,0,0,0,0.1980519481,0.3,0.4155844156,0.7,0,0,0.0016233766,0,0,0,0,0,0,0,0,0,0,0,0,0,0,0,1,1,0,0,0,0,0,0,0,0,0,0,2,1,0,0,0,0,0,0,0,0,0,0,0,0,0,0,26,3,0,0,0,0,0,0,562,22,0,0,30,2,0,0,0,0,0,0,0,0,0,0,0,0,0,0,0,0,0,0,0,0,0,0,0,0,0,0,0,0,0,0,0,0,6,3,0,0,0,0,0,0,0,0,0,0,0,0,0,0,0,0,0,0,0,0,0,0,256,7,0,0,0,0,0,0,0,0,0,0,0,0,2,1,0,0,0,0,1,1,0,0,0,0,0,0,0,0,0,0,0,0,0,0,0,0,2,1,0,0,0,0,0,0,13,2,0,0,0,0,0,0,11,2,1,1,0,0,3,1,0,0,0,0,0,0,0,0,0,0,0,0,0,0,0,0,9,1,0,0,0,0,0,0,2,2,0,0,1,1,0,0,0,0,0,0,122,3,0,0,0,0,0,0,0,0
MT_Roosevelt Ranch,678,10,48.096766,-112.693509,0.0340679044,0.327963727,6677.5,1.0297479,0.2079441542,1.0900292375,739.03982301,0.2375218628,161.03982301,0.7595870206,515,0.0191740413,13,4.8,48,0.2,0.0560471976,1,0.1,0,0,0.0014749263,0.1,0.3569321534,0.4,0.2625368732,0.5,0,0,0.0398230088,0,0,0,4,1,0,0,0,0,1,1,0,0,0,0,25,1,0,0,0,0,0,0,0,0,1,1,11,3,0,0,0,0,0,0,0,0,0,0,0,0,0,0,38,2,0,0,0,0,0,0,417,24,3,2,4,2,0,0,0,0,0,0,0,0,0,0,0,0,0,0,0,0,1,1,0,0,0,0,0,0,1,1,0,0,0,0,0,0,4,2,0,0,0,0,0,0,0,0,0,0,0,0,0,0,2,1,0,0,1,1,0,0,178,5,0,0,0,0,0,0,2,1,2,1,0,0,0,0,0,0,0,0,0,0,0,0,0,0,0,0,0,0,0,0,0,0,0,0,0,0,1,1,79,2,0,0,0,0,4,1,0,0,0,0,0,0,10,1,0,0,2,1,6,1,0,0,0,0,0,0,0,0,0,0,0,0,5,1,0,0,31,1,0,0,0,0,0,0,3,1,0,0,87,8,0,0,0,0,0,0,242,4,16,1,0,0,0,0,0,0
MT_Urban-Wild Missoula,858,14,46.853303571,-114.0175929,0.0104945503,665.28776857,7305.4135714,0.8798654286,0.0898811802,4.1964181894,3600.5268065,0.5565580496,477.52680653,3.3951048951,2913,0.0512820513,44,11.857142857,166,0.1428571429,0.034965035,0,0,0.048951049,0.3571428571,0,0,3.3834498834,0.5,0.0093240093,0.1428571429,0.3904428904,0,0.5268065268,0,0,0,0,0,0,0,0,0,44,2,0,0,0,0,113,2,0,0,111,4,0,0,0,0,0,0,0,0,0,0,0,0,0,0,0,0,0,0,0,0,0,0,30,2,0,0,0,0,99,2,0,0,411,4,38,4,0,0,0,0,1,1,0,0,0,0,335,3,0,0,0,0,0,0,0,0,0,0,0,0,0,0,0,0,0,0,0,0,858,10,0,0,0,0,0,0,0,0,0,0,0,0,0,0,0,0,0,0,2,1,0,0,8,2,0,0,0,0,0,0,0,0,2,1,42,5,0,0,0,0,0,0,0,0,0,0,0,0,0,0,90,2,0,0,0,0,0,0,1,1,0,0,0,0,0,0,0,0,4,1,0,0,0,0,0,0,25,1,0,0,0,0,0,0,0,0,0,0,0,0,0,0,0,0,0,0,0,0,0,0,23,1,0,0,2,1,0,0,174,3,0,0,2,2,0,0,0,0,0,0,2903,7,0,0,0,0,8,6,0,0
NC_Alamance County,647,31,36.053001935,-79.37719194,0.1432507003,54.785393548,13072.741935,0.6344797742,4.0407244474,1.9598646947,1268.0324575,0.0355988524,23.032457496,1.8145285935,1174,0,0,2.1935483871,68,0.0967741935,0.0556414219,2,0.0322580645,0.0340030912,0.1612903226,0,0,1.8145285935,0.1935483871,0,0,0,0.0309119011,0.0324574961,0,0,0,0,0,0,0,0,0,0,0,0,0,0,0,0,0,0,0,0,0,0,0,0,0,2,1,0,0,0,0,0,0,0,0,0,0,0,0,0,0,0,0,36,3,0,0,0,0,0,0,171,15,44,2,0,0,0,0,0,0,0,0,0,0,2,1,0,0,20,1,0,0,0,0,0,0,0,0,0,0,0,0,0,0,6,1,0,0,138,7,0,0,0,0,0,0,0,0,0,0,0,0,0,0,0,0,0,0,0,0,0,0,0,0,0,0,0,0,0,0,0,0,0,0,22,5,0,0,0,0,0,0,0,0,0,0,0,0,0,0,2,1,0,0,0,0,0,0,0,0,0,0,0,0,0,0,0,0,0,0,0,0,0,0,0,0,60,1,0,0,0,0,0,0,0,0,0,0,0,0,0,0,0,0,0,0,0,0,0,0,0,0,0,0,1,1,0,0,122,2,3,1,0,0,0,0,0,0,0,0,1174,6,0,0,0,0,25,9,0,0
NC_Burke County,509,26,35.764458462,-81.72654885,0.0185773818,47.527439652,15662.346154,0.5801379615,4.439214691,1.1245016037,572.37131631,0.3916921735,199.37131631,0.5225933202,266,0.025540275,13,2.9615384615,77,0.0769230769,0.0923379175,4,0.0384615385,0.0432220039,0.1153846154,0,0,0.5225933202,0.1923076923,0,0,0,0.3713163065,0.3713163065,0,0,0,0,0,0,0,0,0,13,1,0,0,0,0,0,0,0,0,0,0,0,0,0,0,4,1,0,0,0,0,0,0,0,0,0,0,0,0,0,0,0,0,47,2,0,0,0,0,0,0,0,0,8,3,0,0,0,0,0,0,0,0,0,0,10,1,0,0,189,2,0,0,0,0,0,0,0,0,0,0,0,0,0,0,3,1,0,0,28,3,0,0,0,0,0,0,0,0,0,0,0,0,0,0,0,0,0,0,0,0,0,0,0,0,0,0,0,0,0,0,0,0,0,0,22,3,0,0,0,0,0,0,0,0,0,0,0,0,0,0,0,0,0,0,0,0,0,0,0,0,0,0,0,0,0,0,0,0,1,1,0,0,0,0,0,0,27,1,0,0,0,0,0,0,0,0,0,0,0,0,0,0,0,0,0,0,0,0,0,0,0,0,0,0,0,0,0,0,23,1,17,1,0,0,0,0,0,0,0,0,266,5,0,0,0,0,48,10,0,0
NC_Cleveland County,210,10,35.179483,-81.348513,0.015702487,42.78612,14741.9,0.5975071,4.3536775255,1.0432653061,219.08571429,0.086122449,18.085714286,0.8714285714,183,0,0,1.8,18,0.1,0.0238095238,0,0,0.0571428571,0.2,0,0,0.8714285714,0.5,0,0,0,0.0857142857,0.0857142857,0,0,0,0,0,0,0,0,0,0,0,0,0,0,0,0,0,0,0,0,0,0,0,0,0,0,0,0,0,0,0,0,0,0,0,0,0,0,0,0,0,0,0,5,1,0,0,0,0,0,0,0,0,1,1,0,0,0,0,0,0,0,0,0,0,0,0,0,0,18,1,0,0,0,0,0,0,0,0,0,0,0,0,0,0,0,0,0,0,0,0,0,0,0,0,0,0,0,0,0,0,0,0,0,0,0,0,0,0,0,0,0,0,0,0,0,0,0,0,0,0,0,0,0,0,12,2,0,0,0,0,0,0,0,0,0,0,0,0,0,0,1,1,0,0,0,0,0,0,0,0,0,0,0,0,0,0,0,0,0,0,0,0,0,0,0,0,5,1,0,0,0,0,0,0,0,0,0,0,0,0,0,0,0,0,0,0,0,0,0,0,0,0,0,0,0,0,0,0,8,1,0,0,0,0,0,0,0,0,0,0,183,5,0,0,0,0,1,1,0,0
NC_Craven County,297,14,35.151925,-76.98124214,0.0997638796,9.0991021429,23853.142857,0.3860634286,5.1734397435,1.1415048351,339.02693603,0.0371277307,11.026936027,0.7845117845,233,0.1851851852,55,2.2857142857,32,0.2142857143,0.063973064,3,0.0714285714,0.0303030303,0.2142857143,0,0,0.7845117845,0.3571428571,0,0,0,0.0269360269,0.0269360269,0,0,0,0,0,0,0,0,0,55,2,0,0,0,0,0,0,0,0,0,0,0,0,0,0,3,1,0,0,0,0,0,0,0,0,0,0,0,0,0,0,0,0,19,3,0,0,0,0,0,0,0,0,0,0,0,0,0,0,0,0,0,0,0,0,3,1,0,0,8,1,0,0,0,0,0,0,0,0,0,0,0,0,0,0,1,1,0,0,7,2,0,0,0,0,0,0,0,0,0,0,0,0,0,0,0,0,0,0,0,0,0,0,0,0,0,0,0,0,0,0,0,0,0,0,9,3,0,0,0,0,0,0,0,0,0,0,0,0,0,0,0,0,0,0,0,0,0,0,0,0,0,0,0,0,0,0,0,0,0,0,0,0,0,0,0,0,11,1,0,0,0,0,0,0,0,0,0,0,0,0,0,0,0,0,0,0,0,0,0,0,0,0,0,0,0,0,0,0,62,2,8,1,0,0,0,0,0,0,0,0,233,5,0,0,0,0,34,7,0,0
NC_Dare County,550,22,35.913349091,-75.78459909,0.0838551088,110.350816,19374.2,0.6713001818,4.6504668811,1.1183338843,615.08363636,0.1201520661,66.083636364,0.2254545455,124,0.4436363636,244,4.6818181818,103,0.0909090909,0.0690909091,27,0.0454545455,0.0690909091,0.1363636364,0,0,0.2254545455,0.0909090909,0,0,0,0.0836363636,0.0836363636,0,0,0,0,0,0,0,0,0,213,2,0,0,0,0,0,0,0,0,11,2,0,0,0,0,27,1,0,0,0,0,0,0,0,0,0,0,0,0,0,0,0,0,38,2,0,0,0,0,1,1,0,0,11,2,2,2,0,0,0,0,0,0,0,0,8,1,0,0,46,2,0,0,0,0,0,0,0,0,0,0,0,0,0,0,0,0,0,0,46,4,0,0,0,0,0,0,0,0,0,0,0,0,0,0,0,0,0,0,0,0,0,0,0,0,0,0,0,0,0,0,0,0,0,0,38,3,0,0,0,0,0,0,0,0,0,0,2,1,0,0,0,0,31,3,0,0,0,0,0,0,0,0,0,0,0,0,0,0,0,0,0,0,0,0,0,0,36,1,0,0,10,1,0,0,0,0,0,0,0,0,0,0,0,0,0,0,4,2,0,0,8,1,0,0,0,0,0,0,964,4,68,1,0,0,0,0,0,0,0,0,124,2,0,0,0,0,0,0,0,0
NC_Haywood County,204,11,35.42015,-82.90824,0.0050087613,25.055642727,16597.818182,0.6724980909,4.1021179469,1.5558439062,317.39215686,0.4529027297,92.392156863,0.8676470588,177,0.0539215686,11,3.1818181818,35,0.2727272727,0.112745098,1,0.0909090909,0.0490196078,0.0909090909,0,0,0.8676470588,0.7272727273,0,0,0.0049019608,0.387254902,0.3921568627,0,0,0,0,0,0,0,0,0,11,1,0,0,0,0,0,0,0,0,0,0,0,0,0,0,1,1,0,0,0,0,0,0,0,0,0,0,0,0,0,0,0,0,23,3,0,0,0,0,17,2,0,0,22,3,0,0,0,0,0,0,0,0,5,1,1,1,1,1,79,2,0,0,0,0,0,0,0,0,0,0,0,0,0,0,0,0,0,0,31,3,0,0,0,0,0,0,0,0,0,0,0,0,0,0,0,0,0,0,0,0,0,0,0,0,0,0,0,0,0,0,0,0,0,0,10,1,0,0,0,0,0,0,0,0,0,0,0,0,0,0,1,1,0,0,0,0,0,0,0,0,0,0,0,0,0,0,0,0,0,0,0,0,0,0,0,0,5,1,0,0,0,0,0,0,0,0,0,0,0,0,0,0,0,0,0,0,0,0,0,0,6,1,0,0,0,0,0,0,14,1,2,1,0,0,0,0,0,0,0,0,177,8,0,0,0,0,35,12,0,0
NC_Moore County,611,33,35.237374545,-79.46936788,0.0230959591,55.446454242,14290.718182,0.4886384848,4.7022354508,1.8413054717,1125.0376432,0.0458881231,28.037643208,1.6726677578,1022,0,0,2.1818181818,72,0.0606060606,0.05400982,0,0,0.0572831424,0.1212121212,0,0,1.6726677578,0.1515151515,0,0,0,0.0376432079,0.0376432079,0,0,0,0,0,0,0,0,0,0,0,0,0,0,0,0,0,0,0,3,1,0,0,0,0,0,0,0,0,0,0,0,0,0,0,0,0,0,0,0,0,0,0,33,2,0,0,0,0,1,1,0,0,11,4,34,6,0,0,0,0,0,0,0,0,5,1,0,0,23,1,0,0,0,0,0,0,0,0,0,0,0,0,0,0,2,1,0,0,10,2,0,0,0,0,0,0,0,0,0,0,0,0,0,0,0,0,0,0,0,0,0,0,0,0,0,0,0,0,0,0,0,0,0,0,35,4,0,0,0,0,0,0,0,0,0,0,0,0,0,0,2,1,0,0,0,0,0,0,0,0,0,0,0,0,0,0,0,0,0,0,0,0,0,0,0,0,16,2,0,0,0,0,0,0,0,0,0,0,0,0,0,0,0,0,0,0,0,0,0,0,0,0,0,0,0,0,0,0,115,2,3,1,0,0,0,0,0,0,0,0,1022,5,0,0,0,0,54,11,0,0
NC_Pender County,448,22,34.532007727,-77.75656591,0.0100175186,1.6627692355,25318.5,0.3846449091,5.0536668296,0.6763442682,303.00223214,0.0089335539,4.0022321429,0.4977678571,223,0.0714285714,32,1.7727272727,39,0.0454545455,0.0178571429,3,0.0454545455,0.0625,0.1818181818,0,0,0.4665178571,0.1363636364,0,0,0,0.0022321429,0.0022321429,0,0,0,0,0,0,0,0,0,32,2,0,0,0,0,0,0,0,0,0,0,0,0,0,0,3,1,0,0,0,0,0,0,0,0,0,0,0,0,0,0,0,0,8,1,0,0,0,0,0,0,0,0,0,0,0,0,0,0,0,0,0,0,0,0,3,1,0,0,1,1,0,0,0,0,0,0,0,0,0,0,0,0,0,0,0,0,0,0,9,1,0,0,0,0,0,0,0,0,0,0,0,0,0,0,0,0,0,0,0,0,0,0,0,0,0,0,0,0,0,0,0,0,0,0,28,4,0,0,0,0,0,0,0,0,0,0,0,0,0,0,0,0,0,0,0,0,0,0,0,0,0,0,0,0,0,0,0,0,0,0,0,0,0,0,0,0,9,1,0,0,4,1,0,0,0,0,0,0,0,0,0,0,0,0,0,0,0,0,0,0,0,0,0,0,0,0,0,0,28,1,1,1,0,0,0,0,0,0,0,0,209,3,0,0,14,3,8,2,0,0
NC_Schenck 2019:Large Forest,509,23,35.817645652,-78.72743652,0.0396054937,178.61655565,12329.930435,0.5863355217,4.060033563,1.5134841999,770.36345776,0.4250755555,216.36345776,0.8742632613,445,0,0,1.8695652174,43,0.1304347826,0.0373280943,0,0,0.0432220039,0.0434782609,0,0,0.8742632613,0.1739130435,0,0,0,0.3634577603,0.3634577603,0,0,0,0,0,0,0,0,0,0,0,0,0,0,0,0,0,0,0,5,1,0,0,0,0,0,0,0,0,0,0,0,0,0,0,0,0,0,0,0,0,0,0,19,3,0,0,0,0,0,0,0,0,9,1,0,0,0,0,0,0,0,0,0,0,30,1,0,0,185,2,0,0,0,0,0,0,0,0,0,0,0,0,0,0,2,1,0,0,705,29,0,0,0,0,0,0,0,0,0,0,0,0,0,0,0,0,0,0,0,0,0,0,0,0,0,0,0,0,0,0,0,0,0,0,22,1,1,1,0,0,0,0,0,0,0,0,0,0,0,0,0,0,0,0,0,0,0,0,0,0,0,0,0,0,0,0,0,0,0,0,0,0,0,0,0,0,56,1,0,0,2,1,0,0,0,0,0,0,0,0,0,0,0,0,0,0,0,0,0,0,1,1,0,0,0,0,0,0,15,2,64,1,0,0,0,0,0,0,0,0,445,4,0,0,0,0,0,0,0,0
NC_Surry County,487,23,36.351042174,-80.73421174,0.0998522957,45.03405587,14304.826087,0.6510743043,4.0333179889,2.6820368598,1306.1519507,0.1563695087,76.151950719,2.3347022587,1137,0.0041067762,2,3.3043478261,76,0.0869565217,0.0595482546,2,0.0434782609,0.0841889117,0.1304347826,0,0,2.3347022587,0.2608695652,0,0,0,0.1519507187,0.1519507187,0,0,0,0,0,0,0,0,0,2,1,0,0,0,0,0,0,0,0,0,0,0,0,0,0,2,1,0,0,0,0,0,0,0,0,0,0,0,0,0,0,0,0,29,2,0,0,0,0,0,0,13,6,8,2,0,0,0,0,0,0,0,0,0,0,2,1,0,0,74,2,0,0,0,0,0,0,0,0,0,0,0,0,0,0,1,1,0,0,9,1,0,0,0,0,0,0,0,0,0,0,0,0,0,0,0,0,0,0,0,0,0,0,0,0,0,0,0,0,0,0,0,0,0,0,41,3,0,0,0,0,0,0,0,0,0,0,0,0,0,0,0,0,0,0,0,0,0,0,0,0,0,0,0,0,0,0,0,0,3,1,0,0,0,0,0,0,24,1,0,0,0,0,0,0,0,0,0,0,0,0,0,0,0,0,0,0,0,0,0,0,0,0,0,0,0,0,0,0,11,2,15,1,0,0,0,0,0,0,0,0,1137,6,0,0,0,0,23,6,0,0
ND_Grassland_Oakville_Prairie,324,9,47.899364444,-97.31828556,0.1862055322,1.7509316667,7622.8888889,1.1383077778,0,0.1141975309,37,0.0030864198,1,0.0987654321,32,0,0,0.4444444444,4,0.1111111111,0.012345679,0,0,0,0,0,0,0.0987654321,0.2222222222,0,0,0,0,0,0,0,0,0,0,0,0,0,0,0,0,0,0,0,0,0,0,0,0,0,0,0,0,0,0,0,0,0,0,0,0,0,0,0,0,0,0,0,0,0,0,0,0,4,1,0,0,0,0,0,0,0,0,0,0,0,0,0,0,0,0,0,0,0,0,0,0,0,0,0,0,0,0,0,0,0,0,0,0,0,0,0,0,0,0,0,0,0,0,0,0,0,0,0,0,0,0,0,0,0,0,0,0,0,0,0,0,0,0,0,0,0,0,0,0,0,0,0,0,0,0,0,0,0,0,0,0,0,0,0,0,0,0,0,0,0,0,1,1,0,0,0,0,0,0,0,0,0,0,0,0,3,1,0,0,0,0,0,0,0,0,0,0,0,0,0,0,2,1,0,0,0,0,0,0,0,0,0,0,0,0,1,1,0,0,0,0,0,0,0,0,0,0,0,0,0,0,0,0,0,0,0,0,0,0,0,0,0,0,0,0,32,2,0,0,0,0,0,0,0,0
NE_Grassland_Lincoln,373,17,40.690370588,-96.84747059,0.0824826296,3.7634869412,9034.8235294,0.8749983529,1.7102127421,1.1344148237,423.13672922,0.2711440462,101.13672922,0.6890080429,257,0,0,3.5882352941,61,0.1176470588,0.0214477212,1,0.0588235294,0.1340482574,0.1764705882,0,0,0.6890080429,0.2352941176,0,0,0.0938337802,0,0.1367292225,0,0,0,0,0,0,0,0,0,0,0,0,0,0,0,0,0,0,0,0,0,0,0,0,0,1,1,0,0,0,0,0,0,0,0,0,0,0,0,0,0,4,2,8,2,0,0,0,0,0,0,0,0,1,1,0,0,0,0,0,0,0,0,0,0,49,2,35,1,0,0,0,0,0,0,0,0,0,0,0,0,0,0,0,0,0,0,0,0,40,6,0,0,0,0,0,0,0,0,0,0,0,0,0,0,0,0,0,0,0,0,0,0,0,0,0,0,0,0,0,0,0,0,0,0,50,3,1,1,0,0,0,0,0,0,0,0,0,0,0,0,0,0,0,0,0,0,0,0,0,0,0,0,0,0,0,0,0,0,2,1,0,0,0,0,0,0,38,2,0,0,0,0,0,0,0,0,0,0,0,0,0,0,0,0,0,0,0,0,0,0,1,1,0,0,16,1,0,0,25,1,4,1,0,0,0,0,0,0,0,0,257,4,0,0,0,0,0,0,0,0
NH_Forest_Lancaster,506,8,45.1969925,-71.13165875,0,0.016845875,14062.25,1.076612625,0,0.2490743489,126.03162055,0.0889952975,45.031620553,0.1146245059,58,0.0276679842,14,0.75,6,0.125,0.0098814229,0,0,0,0,0,0,0.0256916996,0.25,0,0,0,0,0.0316205534,0,0,0,0,0,0,0,0,0,14,2,1,1,0,0,16,1,0,0,0,0,0,0,0,0,0,0,0,0,0,0,0,0,0,0,2,1,0,0,0,0,0,0,5,1,0,0,0,0,0,0,0,0,4,2,0,0,0,0,0,0,0,0,0,0,0,0,0,0,0,0,0,0,0,0,0,0,0,0,0,0,0,0,0,0,0,0,0,0,12,3,0,0,0,0,0,0,0,0,0,0,0,0,0,0,45,2,0,0,0,0,0,0,0,0,0,0,0,0,0,0,1,1,0,0,0,0,1,1,0,0,0,0,0,0,0,0,0,0,0,0,0,0,0,0,0,0,0,0,0,0,0,0,24,1,0,0,0,0,0,0,0,0,0,0,0,0,7,1,0,0,1,1,0,0,0,0,0,0,0,0,0,0,0,0,0,0,0,0,0,0,4,1,0,0,0,0,0,0,0,0,0,0,0,0,0,0,0,0,0,0,13,2,0,0,0,0,0,0,0,0
NJ_Forest_Rutgers,299,6,40.516486667,-74.44116,0,1058.2226667,14067.3,0.8453678333,1.9087303551,3.6615362244,1094.7993311,1.8120378967,541.7993311,1.2775919732,382,0,0,28.166666667,169,0.5,0.0267558528,0,0,0.4046822742,0.6666666667,0,0,1.2775919732,0.5,0,0,0,1.7993311037,1.7993311037,0,0,0,0,0,0,0,0,0,0,0,0,0,0,0,0,0,0,0,0,0,0,0,0,0,0,0,0,0,0,0,0,0,0,0,0,0,0,0,0,0,0,0,8,3,0,0,0,0,24,2,0,0,0,0,0,0,0,0,0,0,0,0,0,0,0,0,0,0,538,3,0,0,0,0,0,0,0,0,0,0,0,0,0,0,0,0,0,0,19,3,0,0,0,0,0,0,0,0,0,0,0,0,0,0,0,0,0,0,0,0,0,0,0,0,0,0,0,0,0,0,0,0,0,0,121,4,0,0,2,1,0,0,0,0,0,0,0,0,0,0,31,2,0,0,0,0,0,0,0,0,0,0,0,0,0,0,0,0,9,1,0,0,0,0,0,0,40,1,0,0,0,0,0,0,0,0,0,0,0,0,0,0,0,0,0,0,0,0,0,0,0,0,0,0,0,0,0,0,0,0,2,1,0,0,0,0,0,0,0,0,382,3,0,0,0,0,8,3,0,0
NM_Desert_White_Sands,510,21,32.775840952,-106.2833171,0.0000874548,0.0170827717,1513.9885714,0.163953381,1.0882424358,0.1098039216,56,0.0803921569,41,0.0058823529,3,0,0,0.5714285714,12,0.0476190476,0.0039215686,0,0,0,0,0,0,0,0,0,0,0,0,0,0,0,0,2,1,0,0,0,0,0,0,0,0,0,0,0,0,0,0,0,0,40,1,0,0,0,0,0,0,0,0,0,0,0,0,0,0,0,0,0,0,0,0,2,1,0,0,0,0,0,0,0,0,0,0,0,0,0,0,0,0,0,0,0,0,0,0,0,0,0,0,0,0,0,0,0,0,0,0,3,1,0,0,2,1,0,0,0,0,0,0,0,0,7,1,0,0,0,0,0,0,1,1,0,0,0,0,0,0,0,0,0,0,0,0,0,0,0,0,0,0,0,0,0,0,0,0,0,0,0,0,0,0,0,0,0,0,0,0,0,0,0,0,0,0,0,0,0,0,0,0,0,0,0,0,0,0,0,0,1,1,0,0,0,0,0,0,4,1,0,0,0,0,0,0,0,0,0,0,0,0,0,0,0,0,0,0,0,0,0,0,0,0,0,0,0,0,0,0,0,0,0,0,0,0,0,0,0,0,0,0,0,0,0,0,0,0,0,0,0,0
NV_Desert_Mojave,353,12,35.638456667,-114.8792183,0,0,1719.5833333,0.429667,2.6720139194,0.9745042493,344,0.8866855524,313,0,0,0,0,2.25,27,0.0833333333,0.059490085,0,0,0,0,0,0,0,0,0,0,0,0,0,0,0,0,3,1,0,0,0,0,0,0,0,0,0,0,0,0,0,0,0,0,213,1,0,0,0,0,0,0,0,0,0,0,0,0,0,0,0,0,0,0,0,0,21,1,68,2,0,0,0,0,0,0,0,0,0,0,0,0,0,0,0,0,0,0,0,0,0,0,0,0,0,0,0,0,0,0,2,1,0,0,0,0,1,1,1,1,0,0,1,1,0,0,1,1,0,0,0,0,0,0,0,0,0,0,0,0,0,0,0,0,0,0,0,0,0,0,0,0,0,0,0,0,0,0,0,0,0,0,1,1,0,0,0,0,0,0,0,0,0,0,0,0,0,0,0,0,0,0,0,0,0,0,0,0,0,0,0,0,0,0,0,0,0,0,0,0,58,1,0,0,3,1,0,0,0,0,0,0,0,0,0,0,0,0,0,0,8,1,1,1,8,1,0,0,0,0,0,0,0,0,0,0,0,0,0,0,1,1,15,1,0,0,0,0,0,0,0,0,0,0
NY_Forest_Albany_Pine_Bush,465,15,42.716718667,-73.85754667,0.0178757133,23.401413333,14550.206667,0.9753212,0,2.7327552318,1270.7311828,1.9779165221,919.7311828,0.6086021505,283,0,0,4.3333333333,65,0.0666666667,0.0086021505,0,0,0.1139784946,0.1333333333,0.0021505376,0.0666666667,0.6086021505,0.2,0,0,0,0.7225806452,0.7311827957,0,0,0,0,0,0,0,0,0,0,0,0,0,0,0,0,0,0,0,0,0,0,0,0,0,0,0,0,0,0,0,0,0,0,0,0,0,0,0,0,0,0,0,4,1,0,0,0,0,0,0,0,0,0,0,0,0,0,0,0,0,0,0,460,2,93,1,0,0,336,2,0,0,0,0,4,1,0,0,0,0,0,0,0,0,3,1,0,0,7,2,0,0,0,0,0,0,0,0,0,0,0,0,0,0,0,0,0,0,0,0,0,0,0,0,0,0,0,0,0,0,0,0,0,0,53,2,0,0,20,1,0,0,0,0,0,0,0,0,0,0,0,0,0,0,0,0,0,0,3,1,0,0,0,0,0,0,0,0,1,1,0,0,0,0,0,0,59,2,0,0,0,0,0,0,0,0,0,0,5,1,0,0,0,0,0,0,0,0,0,0,1,1,1,1,4,1,0,0,0,0,2,1,0,0,0,0,0,0,0,0,283,3,0,0,0,0,16,6,0,0
NY_Forest_Black_Rock,550,12,41.3986025,-74.01882083,0.0001530458,15.744400833,17100.583333,0.9075659167,0,2.6391504132,1451.5327273,1.920968595,1056.5327273,0.5236363636,288,0.0363636364,20,6.1666666667,74,0.1666666667,0.02,8,0.1666666667,0.0981818182,0.25,0,0,0.5236363636,0.1666666667,0,0,0,1.5327272727,1.5327272727,0,0,0,0,0,0,0,0,0,20,2,0,0,0,0,0,0,0,0,0,0,0,0,0,0,8,2,0,0,0,0,0,0,0,0,0,0,0,0,0,0,0,0,11,2,0,0,0,0,0,0,0,0,3,1,0,0,0,0,0,0,0,0,209,2,0,0,0,0,843,3,0,0,0,0,0,0,0,0,0,0,0,0,0,0,0,0,0,0,1,1,0,0,0,0,0,0,0,0,0,0,0,0,0,0,0,0,0,0,0,0,0,0,0,0,0,0,0,0,0,0,0,0,0,0,54,3,2,1,1,1,0,0,0,0,0,0,0,0,0,0,1,1,0,0,0,0,0,0,0,0,0,0,0,0,0,0,0,0,0,0,0,0,0,0,0,0,14,1,0,0,0,0,0,0,0,0,0,0,2,1,0,0,0,0,0,0,0,0,0,0,0,0,0,0,0,0,0,0,0,0,13,1,0,0,0,0,0,0,0,0,288,2,0,0,0,0,4,3,0,0
NY_Forest_Dyken_Pond,462,14,42.732705714,-73.43621071,0,6.1393178571,16889.285714,0.9962088571,0,1.8771621596,867.24891775,1.4680712505,678.24891775,0.367965368,170,0.0021645022,1,1.2857142857,18,0.0714285714,0.0216450216,0,0,0.0021645022,0.0714285714,0,0,0.367965368,0.2142857143,0,0,0,0.1861471861,0.2489177489,0,0,0,0,0,0,0,0,0,1,1,0,0,0,0,24,1,0,0,0,0,0,0,0,0,0,0,0,0,0,0,0,0,0,0,0,0,0,0,0,0,0,0,10,1,0,0,0,0,0,0,0,0,0,0,0,0,0,0,0,0,0,0,338,2,0,0,0,0,86,1,0,0,0,0,6,1,0,0,0,0,0,0,0,0,1,1,0,0,1,1,0,0,0,0,0,0,0,0,0,0,0,0,0,0,0,0,0,0,0,0,0,0,0,0,0,0,0,0,0,0,14,1,0,0,1,1,0,0,52,1,0,0,0,0,0,0,0,0,0,0,0,0,0,0,0,0,0,0,2,1,0,0,0,0,0,0,0,0,0,0,0,0,0,0,0,0,9,1,0,0,0,0,0,0,0,0,0,0,90,1,0,0,0,0,0,0,0,0,0,0,69,1,0,0,5,1,0,0,0,0,0,0,0,0,0,0,0,0,0,0,170,3,0,0,0,0,0,0,0,0
NY_Forest_Mianus_River_Gorge,1076,21,41.173665238,-73.62331905,0.0000437273,60.506238095,17766.190476,0.8782936667,0.6215781861,0.868161026,934.14126394,0.1423245947,153.14126394,0.623605948,671,0,0,4.6666666667,98,0.0952380952,0.031598513,1,0.0476190476,0.0362453532,0.1904761905,0,0,0.623605948,0.2857142857,0,0,0,0.1412639405,0.1412639405,0,0,0,0,0,0,0,0,0,0,0,0,0,0,0,0,0,0,0,0,0,0,0,0,0,1,1,0,0,0,0,0,0,0,0,0,0,0,0,0,0,0,0,34,2,0,0,0,0,0,0,0,0,1,1,0,0,0,0,0,0,0,0,1,1,0,0,0,0,152,2,0,0,0,0,0,0,0,0,0,0,0,0,0,0,0,0,0,0,13,3,0,0,0,0,0,0,0,0,0,0,0,0,0,0,0,0,0,0,0,0,0,0,0,0,0,0,0,0,0,0,0,0,0,0,39,4,0,0,0,0,0,0,0,0,0,0,0,0,0,0,24,1,0,0,0,0,0,0,0,0,0,0,0,0,0,0,0,0,0,0,0,0,0,0,0,0,29,2,0,0,0,0,0,0,0,0,0,0,0,0,0,0,0,0,0,0,0,0,0,0,0,0,0,0,0,0,0,0,1,1,12,1,0,0,0,0,0,0,0,0,671,6,0,0,0,0,36,8,0,0
NY_Forest_Paul_Smiths_College,347,10,44.454095,-74.197955,0,5.560768,13408.6,0.9794288,0,0.2766902806,96.011527378,0.0461427302,16.011527378,0.1959654179,68,0,0,1.2,12,0.1,0.0288184438,1,0.1,0,0,0,0,0.1959654179,0.2,0,0,0,0,0.0115273775,0,0,0,0,0,0,0,0,0,0,0,0,0,0,0,0,0,0,0,0,0,0,0,0,0,1,1,0,0,0,0,0,0,0,0,0,0,0,0,0,0,0,0,10,1,0,0,0,0,0,0,0,0,0,0,0,0,0,0,0,0,0,0,0,0,0,0,0,0,0,0,0,0,0,0,1,1,0,0,0,0,0,0,0,0,0,0,0,0,1,1,0,0,0,0,0,0,0,0,0,0,0,0,0,0,0,0,0,0,0,0,0,0,0,0,0,0,0,0,0,0,2,1,4,1,0,0,0,0,0,0,0,0,0,0,0,0,0,0,0,0,0,0,0,0,0,0,0,0,0,0,0,0,9,1,0,0,1,1,0,0,0,0,0,0,0,0,7,1,0,0,0,0,0,0,0,0,0,0,0,0,0,0,0,0,0,0,0,0,0,0,1,1,0,0,0,0,0,0,0,0,0,0,0,0,0,0,0,0,0,0,68,2,0,0,0,0,0,0,0,0
NY_Forest_St_Lawrence_University,711,15,44.405188822,-75.09967833,0.003856748,3.68414,16416.6,1.023072,0,0.711824039,506.1068917,0.3559871895,253.1068917,0.2658227848,189,0.0014064698,1,3.8666666667,58,0.0666666667,0.0239099859,1,0.0666666667,0.0267229255,0.2,0.0042194093,0.1333333333,0.2658227848,0.2,0,0,0,0.0815752461,0.1068917018,0,0,0,0,0,0,0,0,0,1,1,0,0,3,1,18,1,0,0,0,0,0,0,0,0,1,1,0,0,0,0,0,0,0,0,0,0,0,0,0,0,0,0,17,1,0,0,0,0,0,0,0,0,11,2,0,0,0,0,0,0,0,0,70,1,5,1,0,0,58,1,0,0,2,1,12,1,0,0,0,0,0,0,0,0,0,0,0,0,1,1,0,0,0,0,0,0,0,0,0,0,0,0,0,0,0,0,0,0,0,0,0,0,0,0,0,0,0,0,2,2,17,2,0,0,19,3,0,0,50,1,0,0,0,0,0,0,0,0,0,0,3,1,0,0,0,0,0,0,19,2,0,0,0,0,0,0,0,0,1,1,0,0,0,0,0,0,36,2,0,0,0,0,0,0,0,0,0,0,11,1,0,0,0,0,0,0,0,0,0,0,24,1,1,1,0,0,0,0,0,0,2,1,0,0,0,0,0,0,0,0,189,3,0,0,0,0,1,1,0,0
OH_Forest_Huston-Brumbaugh Nature Center,406,8,40.82306875,-81.088815,0.24426075,31.25555,10812.75,0.913408625,0,4.7121320585,1913.1256158,1.5175507777,616.12561576,0.7881773399,320,0,0,112.625,901,0.25,0.0123152709,0,0,2.0862068966,0.5,0,0,0.7881773399,0.625,0,0,1.0246305419,0.0541871921,1.1256157635,0,0,0,0,0,0,0,0,0,0,0,0,0,0,0,3,1,0,0,0,0,0,0,0,0,0,0,0,0,0,0,0,0,0,0,0,0,0,0,0,0,0,0,5,2,0,0,0,0,15,1,0,0,0,0,0,0,0,0,0,0,0,0,132,2,16,1,416,3,22,1,0,0,0,0,0,0,0,0,0,0,0,0,0,0,0,0,0,0,16,3,0,0,0,0,0,0,0,0,0,0,0,0,0,0,0,0,0,0,0,0,0,0,0,0,0,0,0,0,0,0,0,0,0,0,847,4,1,1,0,0,0,0,0,0,0,0,0,0,0,0,48,2,0,0,0,0,0,0,0,0,0,0,0,0,0,0,0,0,1,1,0,0,0,0,0,0,68,2,0,0,1,1,0,0,0,0,0,0,0,0,0,0,0,0,0,0,0,0,0,0,5,1,0,0,16,2,0,0,0,0,75,1,0,0,0,0,0,0,0,0,320,5,0,0,0,0,10,6,5,1
OK_Grassland_Ardmore,272,16,34.006781875,-97.23807188,0.0008034898,1.347160625,10739.5625,0.67381525,3.4621617927,0.6985294118,190,0.0073529412,2,0.6323529412,172,0,0,0.9375,15,0,0,1,0.0625,0.0514705882,0.1875,0,0,0.6139705882,0.1875,0,0,0,0,0,0,0,0,0,0,0,0,0,0,0,0,0,0,0,0,0,0,0,0,0,0,0,0,0,0,1,1,0,0,0,0,0,0,0,0,0,0,0,0,0,0,0,0,0,0,0,0,0,0,0,0,43,3,0,0,0,0,0,0,0,0,0,0,0,0,1,1,0,0,0,0,0,0,0,0,0,0,0,0,0,0,0,0,0,0,0,0,0,0,0,0,0,0,0,0,0,0,0,0,0,0,0,0,0,0,0,0,0,0,0,0,0,0,0,0,0,0,0,0,0,0,0,0,0,0,14,3,0,0,0,0,0,0,0,0,0,0,0,0,0,0,0,0,0,0,0,0,0,0,0,0,0,0,0,0,0,0,0,0,0,0,0,0,0,0,0,0,12,1,0,0,0,0,0,0,0,0,0,0,0,0,0,0,0,0,0,0,0,0,0,0,1,1,0,0,0,0,0,0,5,1,1,1,0,0,0,0,0,0,0,0,167,3,0,0,5,1,0,0,0,0
OK_Grassland_Burneyville,187,11,33.928830909,-97.22715091,0.0053426807,1.3476445455,12366.363636,0.6688616364,3.5636434439,0.8288770053,155,0,0,0.7647058824,143,0,0,1,11,0.1818181818,0.0213903743,1,0.0909090909,0.0320855615,0.1818181818,0,0,0.7165775401,0.1818181818,0,0,0,0,0,0,0,0,0,0,0,0,0,0,0,0,0,0,0,0,0,0,0,0,0,0,0,0,0,0,1,1,0,0,0,0,0,0,0,0,0,0,0,0,0,0,0,0,4,2,0,0,0,0,0,0,0,0,0,0,0,0,0,0,0,0,0,0,0,0,0,0,0,0,0,0,0,0,0,0,0,0,0,0,0,0,0,0,0,0,0,0,0,0,1,1,0,0,0,0,0,0,0,0,0,0,0,0,0,0,0,0,0,0,0,0,0,0,0,0,0,0,1,1,0,0,0,0,0,0,6,2,0,0,0,0,0,0,0,0,0,0,0,0,0,0,0,0,0,0,0,0,0,0,0,0,0,0,0,0,0,0,0,0,0,0,0,0,0,0,0,0,4,1,0,0,0,0,0,0,0,0,0,0,0,0,0,0,0,0,0,0,0,0,0,0,0,0,0,0,0,0,0,0,7,1,0,0,0,0,0,0,0,0,0,0,134,2,0,0,9,2,0,0,0,0
OR_Forest_Oregon_State_University,538,12,44.4212725,-123.4472058,0,1.6523570833,20793.666667,0.6169876667,3.6606231877,1.3390949545,720.4330855,0.9394667017,505.4330855,0.282527881,152,0.0074349442,4,2.4166666667,29,0,0,12,0.0833333333,0.0037174721,0.0833333333,0.0037174721,0.1666666667,0,0,0.282527881,0.3333333333,0,0,0.4330855019,0,0,0,0,0,0,0,0,0,2,1,0,0,0,0,0,0,0,0,0,0,0,0,0,0,12,1,0,0,17,1,0,0,0,0,0,0,0,0,0,0,0,0,0,0,0,0,0,0,0,0,0,0,1,1,0,0,0,0,174,1,0,0,0,0,0,0,0,0,0,0,0,0,1,1,0,0,0,0,0,0,0,0,0,0,0,0,0,0,7,2,0,0,0,0,0,0,1,1,0,0,0,0,0,0,0,0,2,1,0,0,6,2,152,4,0,0,0,0,0,0,0,0,40,1,2,1,0,0,63,1,0,0,2,1,0,0,0,0,0,0,0,0,0,0,0,0,0,0,1,1,0,0,0,0,0,0,0,0,10,2,0,0,104,2,0,0,132,1,0,0,0,0,0,0,8,1,1,1,0,0,0,0,0,0,0,0,6,1,0,0,71,1,0,0,5,1,0,0,0,0,30,1,0,0,14,1,3,1,0,0,0,0,0,0,0,0,0,0,0,0
OR_Forest_Starkey_Experimental_Forest,494,15,45.284524,-118.5735513,0,0,8846.8,0.6891912,1.5036452115,1.221491911,603.41700405,0.6486174171,320.41700405,0.463562753,229,0.0222672065,11,2.8666666667,43,0.2,0.0728744939,4,0.0666666667,0,0,0.004048583,0.0666666667,0,0,0.0425101215,0.2,0,0,0.4170040486,0,0,0,0,0,0,0,0,0,3,1,0,0,0,0,186,1,0,0,0,0,0,0,0,0,4,1,0,0,0,0,61,1,0,0,0,0,0,0,0,0,0,0,36,3,0,0,0,0,0,0,34,10,0,0,1,1,0,0,0,0,0,0,0,0,0,0,0,0,0,0,0,0,0,0,0,0,0,0,0,0,0,0,0,0,0,0,0,0,95,4,0,0,0,0,0,0,2,1,0,0,0,0,0,0,0,0,0,0,0,0,0,0,21,3,0,0,0,0,0,0,0,0,2,1,0,0,0,0,0,0,0,0,8,1,0,0,0,0,0,0,0,0,0,0,0,0,0,0,0,0,0,0,28,2,0,0,0,0,1,1,0,0,0,0,0,0,52,1,0,0,0,0,0,0,0,0,0,0,0,0,0,0,0,0,0,0,18,1,0,0,7,1,0,0,18,1,0,0,21,1,0,0,208,7,0,0,0,0,0,0,0,0,0,0,0,0,0,0,0,0
PA_Forest_State_Games_Lands_026,336,19,40.297272632,-78.63156263,0.0031414616,3.0731228947,17045.578947,0.9558847368,0.4734297363,0.6195525085,208.16964286,0.3130048895,105.16964286,0.2380952381,80,0.0029761905,1,0.9473684211,18,0.0526315789,0.0119047619,1,0.0526315789,0.0267857143,0.0526315789,0,0,0.2380952381,0.1052631579,0,0,0,0.1369047619,0.1696428571,0,0,0,0,0,0,0,0,0,1,1,0,0,0,0,11,1,0,0,0,0,0,0,0,0,1,1,0,0,0,0,0,0,0,0,0,0,0,0,0,0,0,0,4,1,0,0,0,0,0,0,0,0,0,0,0,0,0,0,0,0,0,0,25,1,0,0,0,0,46,1,0,0,0,0,1,1,0,0,0,0,0,0,0,0,1,1,0,0,2,1,0,0,0,0,0,0,0,0,0,0,0,0,0,0,0,0,0,0,0,0,0,0,0,0,0,0,0,0,0,0,4,1,0,0,9,1,0,0,6,1,0,0,0,0,0,0,1,1,0,0,2,1,0,0,0,0,0,0,0,0,0,0,0,0,0,0,0,0,0,0,0,0,0,0,0,0,31,1,0,0,1,1,0,0,0,0,0,0,7,1,0,0,0,0,0,0,0,0,0,0,6,1,0,0,0,0,0,0,0,0,3,1,0,0,0,0,0,0,0,0,80,2,0,0,0,0,10,4,0,0
PA_Wetlands_Crum_Woods,372,8,39.90777375,-75.35950625,0.0018365485,842.293125,13237.45,0.817079,2.7606989074,2.6872904382,999.67204301,0.7679355995,285.67204301,1.3279569892,494,0,0,27,216,0,0,0,0,0.2822580645,0.375,0,0,1.3279569892,0.625,0,0,0,0.6693548387,0.6720430108,0,0,0,0,0,3,1,0,0,0,0,0,0,0,0,0,0,0,0,0,0,0,0,0,0,0,0,0,0,0,0,0,0,0,0,0,0,0,0,0,0,0,0,0,0,0,0,0,0,2,1,0,0,8,2,0,0,0,0,0,0,0,0,17,1,5,1,0,0,249,2,0,0,0,0,2,1,0,0,0,0,0,0,0,0,0,0,0,0,2,1,0,0,0,0,0,0,0,0,0,0,0,0,0,0,0,0,0,0,0,0,0,0,0,0,0,0,0,0,0,0,0,0,0,0,105,3,0,0,0,0,0,0,0,0,0,0,0,0,1,1,109,2,0,0,0,0,0,0,0,0,0,0,0,0,0,0,0,0,0,0,0,0,0,0,0,0,144,2,0,0,3,1,0,0,4,1,0,0,0,0,0,0,0,0,0,0,1,1,0,0,0,0,0,0,1,1,0,0,0,0,1,1,0,0,0,0,0,0,0,0,494,5,0,0,0,0,0,0,4,1
RI_Forest_University_of_Rhode_Island,547,13,41.494603077,-71.52548231,0.0052977354,489.93995385,19714.076923,0.8721286923,2.1687808249,0.7112887647,389.0749543,0.1153107026,63.074954296,0.5740402194,314,0,0,0.8461538462,11,0.0769230769,0.0109689214,1,0.0769230769,0.0036563071,0.1538461538,0,0,0.5740402194,0.2307692308,0,0,0,0.071297989,0.0749542962,0,0,0,0,0,0,0,0,0,0,0,0,0,0,0,2,1,0,0,0,0,0,0,0,0,1,1,0,0,0,0,0,0,0,0,0,0,0,0,0,0,0,0,6,1,0,0,0,0,0,0,0,0,0,0,0,0,0,0,0,0,0,0,1,1,0,0,0,0,39,1,0,0,0,0,2,1,0,0,0,0,0,0,0,0,0,0,0,0,17,2,0,0,0,0,0,0,0,0,0,0,0,0,0,0,0,0,0,0,0,0,0,0,0,0,0,0,0,0,0,0,0,0,0,0,2,2,2,1,0,0,0,0,0,0,0,0,0,0,0,0,0,0,0,0,0,0,0,0,0,0,0,0,0,0,0,0,0,0,0,0,0,0,0,0,0,0,36,2,0,0,1,1,0,0,0,0,0,0,0,0,0,0,0,0,0,0,0,0,0,0,21,1,0,0,0,0,0,0,0,0,0,0,0,0,0,0,0,0,0,0,314,3,0,0,0,0,6,3,0,0
SC_Forest_Lynches_River,453,16,34.04251125,-79.78928438,0.0439623394,39.89475625,13155.5,0.5550845,3.994133233,2.4554088758,1112.3002208,0.3052985006,138.30022075,1.9470198675,882,0,0,4.4375,71,0.0625,0.0066225166,0,0,0.1479028698,0.25,0,0,1.9470198675,0.3125,0,0,0,0.3002207506,0.3002207506,0,0,0,0,0,0,0,0,0,0,0,0,0,0,0,0,0,0,0,0,0,0,0,0,0,0,0,0,0,0,0,0,0,0,0,0,0,0,0,0,0,0,0,3,1,0,0,0,0,0,0,0,0,16,3,0,0,0,0,0,0,0,0,0,0,1,1,0,0,136,2,0,0,0,0,0,0,0,0,0,0,0,0,0,0,1,1,0,0,47,7,0,0,0,0,0,0,0,0,0,0,0,0,0,0,0,0,0,0,0,0,0,0,0,0,0,0,0,0,0,0,0,0,0,0,67,4,1,1,0,0,0,0,0,0,0,0,0,0,0,0,0,0,0,0,0,0,0,0,0,0,0,0,0,0,0,0,0,0,0,0,0,0,0,0,0,0,21,2,0,0,0,0,0,0,0,0,0,0,0,0,0,0,0,0,0,0,0,0,0,0,1,1,0,0,0,0,0,0,1,1,21,2,0,0,0,0,0,0,0,0,882,5,0,0,0,0,29,5,0,0
SC_Forest_Piedmont,428,7,33.970568571,-82.23245857,0.0010494557,2.4883488571,14642,0.4175305714,4.7376566422,2.3040276443,986.12383178,0.2923454013,125.12383178,1.546728972,662,0,0,23.285714286,163,0.4285714286,0.214953271,26,0.2857142857,0.0841121495,0.4285714286,0,0,1.4439252336,0.5714285714,0,0,0.0070093458,0.1168224299,0.1238317757,0,0,0,0,0,0,0,0,0,0,0,0,0,0,0,0,0,0,0,0,0,0,0,0,0,26,2,0,0,0,0,0,0,0,0,0,0,0,0,0,0,0,0,92,3,0,0,0,0,0,0,0,0,20,2,0,0,0,0,0,0,0,0,0,0,72,2,3,1,50,2,0,0,0,0,0,0,0,0,0,0,0,0,0,0,8,1,0,0,29,1,0,0,0,0,0,0,0,0,0,0,0,0,0,0,0,0,0,0,0,0,0,0,0,0,0,0,32,2,0,0,0,0,0,0,36,3,0,0,0,0,0,0,0,0,0,0,0,0,0,0,0,0,0,0,0,0,0,0,0,0,0,0,0,0,0,0,0,0,1,1,0,0,0,0,0,0,36,1,0,0,1,1,0,0,0,0,0,0,0,0,0,0,0,0,0,0,0,0,0,0,0,0,0,0,0,0,0,0,225,1,3,1,0,0,0,0,0,0,0,0,618,4,0,0,44,9,92,9,0,0
SD_Grassland_Custer_County,424,8,43.72526625,-103.7984763,0,1.739830875,5872.375,0.963061125,1.3275439075,0.5919811321,251,0.0117924528,5,0.5448113208,231,0,0,1.875,15,0.125,0.0353773585,0,0,0,0,0,0,0.5094339623,0.5,0.0023584906,0.125,0,0,0,0,0,0,0,0,0,0,0,0,0,0,0,0,0,0,0,0,0,0,0,0,0,0,0,0,0,0,0,0,0,0,0,0,0,0,0,0,0,0,0,0,0,0,15,1,0,0,0,0,0,0,24,2,0,0,0,0,0,0,0,0,0,0,0,0,0,0,0,0,0,0,0,0,0,0,0,0,0,0,0,0,0,0,0,0,0,0,0,0,2,1,0,0,0,0,4,1,0,0,0,0,0,0,0,0,0,0,0,0,0,0,0,0,1,1,0,0,0,0,0,0,0,0,0,0,0,0,0,0,0,0,0,0,0,0,0,0,0,0,0,0,0,0,0,0,0,0,0,0,0,0,5,2,0,0,0,0,0,0,0,0,0,0,0,0,0,0,2,1,0,0,0,0,0,0,1,1,0,0,0,0,0,0,0,0,0,0,0,0,0,0,0,0,0,0,0,0,0,0,0,0,0,0,14,4,0,0,0,0,0,0,216,4,0,0,0,0,0,0,0,0
SD_Shelterbelt_and_Grassland_Brookings,441,10,44.330754,-96.816858,0.4848487,5.884243,8882.6,0.9763962,0,2.9806304986,1314.4580499,1.037319841,457.45804989,1.253968254,553,0,0,27.9,279,0.1,0.0136054422,0,0,0.5986394558,0.4,0,0,1.253968254,0.3,0,0,0.410430839,0,0.4580498866,0,0,0,4,1,0,0,0,0,0,0,0,0,0,0,0,0,0,0,0,0,0,0,0,0,0,0,0,0,0,0,0,0,0,0,0,0,0,0,0,0,3,1,6,1,0,0,0,0,18,1,0,0,0,0,0,0,33,16,0,0,0,0,0,0,236,2,181,2,0,0,0,0,0,0,0,0,0,0,0,0,0,0,0,0,0,0,0,0,1,1,0,0,0,0,0,0,0,0,0,0,0,0,0,0,0,0,0,0,0,0,0,0,0,0,0,0,0,0,0,0,0,0,0,0,264,4,0,0,2,1,0,0,0,0,0,0,0,0,0,0,1,1,0,0,0,0,0,0,0,0,0,0,0,0,0,0,0,0,4,1,0,0,0,0,0,0,20,1,0,0,0,0,0,0,0,0,0,0,0,0,0,0,0,0,0,0,0,0,0,0,17,1,0,0,21,1,0,0,0,0,25,1,0,0,0,0,0,0,0,0,553,3,0,0,0,0,0,0,0,0
TN_Forest_Cheatham,587,13,36.192058462,-87.10319846,0.0070636408,7.7297292308,17752.692308,0.6992324615,3.8964196413,2.1180750445,1243.3100511,0.3565758963,209.31005111,1.5502555366,910,0,0,6,78,0.1538461538,0.0783645656,11,0.1538461538,0.0323679727,0.1538461538,0,0,1.5502555366,0.3846153846,0,0,0,0.3015332198,0.3100511073,0,0,0,0,0,0,0,0,0,0,0,0,0,0,0,0,0,0,0,0,0,0,0,0,0,11,2,0,0,0,0,0,0,0,0,0,0,0,0,0,0,0,0,46,2,0,0,0,0,0,0,0,0,6,1,0,0,0,0,0,0,0,0,10,1,16,1,0,0,177,3,0,0,0,0,0,0,0,0,0,0,0,0,0,0,0,0,0,0,36,2,0,0,0,0,0,0,0,0,0,0,0,0,0,0,0,0,0,0,0,0,0,0,0,0,0,0,40,1,1,1,0,0,0,0,19,2,1,1,0,0,0,0,0,0,0,0,1,1,0,0,0,0,0,0,0,0,0,0,0,0,0,0,0,0,1,1,0,0,2,1,0,0,0,0,0,0,55,1,0,0,0,0,0,0,0,0,1,1,0,0,0,0,0,0,0,0,0,0,0,0,0,0,0,0,4,2,0,0,2,1,5,1,0,0,0,0,0,0,0,0,910,5,0,0,0,0,103,10,0,0
TN_Forest_Cumberland Gap National Historical Park,220,4,36.5766875,-83.667925,0.001377411,23.13565,17285.5,0.712379,3.8810853036,2.470661157,543.54545455,0.5524793388,121.54545455,1.8409090909,405,0,0,3.5,14,0.25,0.0227272727,0,0,0.0409090909,0.25,0,0,1.8409090909,1,0,0,0.0045454545,0.5409090909,0.5454545455,0,0,0,0,0,0,0,0,0,0,0,0,0,0,0,0,0,0,0,0,0,0,0,0,0,0,0,0,0,0,0,0,0,0,0,0,0,0,0,0,0,0,0,5,1,0,0,0,0,0,0,0,0,0,0,0,0,0,0,0,0,0,0,1,1,0,0,1,1,119,2,0,0,0,0,0,0,0,0,0,0,0,0,0,0,0,0,0,0,2,2,0,0,0,0,0,0,0,0,0,0,0,0,0,0,0,0,0,0,0,0,0,0,0,0,0,0,0,0,0,0,0,0,0,0,9,1,0,0,0,0,0,0,0,0,0,0,0,0,0,0,0,0,0,0,0,0,0,0,0,0,0,0,0,0,0,0,0,0,0,0,0,0,0,0,0,0,2,1,0,0,0,0,0,0,0,0,0,0,0,0,0,0,0,0,0,0,0,0,0,0,0,0,0,0,0,0,0,0,0,0,3,1,0,0,0,0,0,0,0,0,405,4,0,0,0,0,1,1,0,0
TX_Forest_Pineywoods_Angelina,239,18,31.500759444,-94.77879,0,5.3713311111,18658.111111,0.3482907222,5.1747307706,1.0002275871,239.05439331,0.0629890933,15.054393305,0.6820083682,163,0,0,2.1666666667,39,0.1111111111,0.0543933054,1,0.0555555556,0.1046025105,0.1666666667,0,0,0.5732217573,0.2222222222,0,0,0,0.0292887029,0.0543933054,0,0,0,0,0,0,0,0,0,0,0,0,0,0,0,0,0,0,0,0,0,0,0,0,0,1,1,0,0,0,0,0,0,0,0,0,0,0,0,0,0,0,0,13,2,0,0,0,0,0,0,0,0,1,1,0,0,0,0,0,0,0,0,0,0,2,1,0,0,7,1,0,0,0,0,0,0,0,0,0,0,0,0,0,0,0,0,0,0,3,2,0,0,0,0,0,0,0,0,0,0,0,0,0,0,0,0,0,0,0,0,0,0,0,0,0,0,20,2,0,0,0,0,0,0,25,3,0,0,0,0,0,0,0,0,0,0,0,0,0,0,0,0,0,0,0,0,0,0,0,0,0,0,0,0,1,1,0,0,0,0,0,0,0,0,0,0,4,1,0,0,0,0,0,0,0,0,0,0,0,0,0,0,0,0,0,0,0,0,0,0,0,0,0,0,5,1,0,0,0,0,2,1,0,0,0,0,0,0,0,0,137,4,0,0,26,10,0,0,0,0
TX_Grassland_Abilene,533,10,32.239334,-99.882862,0.0215794284,5.895104,7618.5,0.4686372,3.4244329208,1.7823921377,950.01500938,0.0431801302,23.015009381,1.5834896811,844,0,0,8,80,0.1,0.0750469043,4,0.1,0.052532833,0.2,0,0,1.3358348968,0.4,0,0,0.0150093809,0,0.0150093809,0,0,0,0,0,0,0,0,0,0,0,0,0,0,0,0,0,0,0,0,0,0,0,0,0,4,1,0,0,0,0,0,0,0,0,0,0,0,0,0,0,0,0,40,1,0,0,0,0,1,1,0,0,0,0,0,0,0,0,0,0,0,0,0,0,0,0,8,1,0,0,0,0,0,0,0,0,0,0,0,0,0,0,0,0,1,1,0,0,1,1,0,0,0,0,0,0,0,0,0,0,0,0,0,0,0,0,0,0,0,0,0,0,0,0,0,0,3,1,0,0,0,0,0,0,28,2,0,0,0,0,0,0,0,0,0,0,0,0,0,0,0,0,0,0,0,0,0,0,0,0,0,0,0,0,0,0,0,0,7,1,0,0,0,0,0,0,29,1,0,0,0,0,0,0,0,0,15,1,0,0,0,0,0,0,0,0,0,0,0,0,0,0,0,0,0,0,0,0,6,1,0,0,0,0,0,0,0,0,0,0,712,4,0,0,132,5,0,0,0,0
TX_Grassland_Freeman_Center,187,5,29.924672,-97.98458,0.000918274,94.1412728,12960.48,0.4790426,4.6148954234,0.6684491979,125,0.0160427807,3,0.5401069519,101,0,0,4.2,21,0.2,0.0053475936,0,0,0.0802139037,0.6,0,0,0.3903743316,0.4,0,0,0,0,0,0,0,0,0,0,0,0,0,0,0,0,0,0,0,0,0,0,0,0,0,0,0,0,0,0,0,0,0,0,0,0,0,0,0,0,0,0,0,0,0,0,0,0,1,1,0,0,0,0,0,0,65,3,0,0,0,0,0,0,0,0,0,0,0,0,0,0,0,0,0,0,0,0,0,0,0,0,0,0,0,0,0,0,0,0,3,1,0,0,0,0,0,0,0,0,0,0,0,0,0,0,0,0,0,0,0,0,0,0,0,0,0,0,0,0,0,0,0,0,0,0,0,0,0,0,15,3,0,0,0,0,0,0,0,0,0,0,0,0,0,0,0,0,0,0,0,0,0,0,0,0,0,0,0,0,0,0,0,0,2,1,3,1,0,0,0,0,3,1,0,0,0,0,0,0,0,0,0,0,0,0,0,0,0,0,0,0,0,0,0,0,0,0,0,0,0,0,0,0,0,0,0,0,0,0,0,0,0,0,0,0,73,2,0,0,28,2,11,4,0,0
TX_Grassland_Matador,413,9,34.132668889,-100.4287933,0.0007142129,0.0042776289,5506.1111111,0.6298586667,2.5406848038,3.6924998095,1525.0024213,0.0121124003,5.0024213075,2.6876513317,1110,0,0,44.888888889,404,0.3333333333,0.2542372881,5,0.1111111111,0.6876513317,0.6666666667,0,0,1.1476997579,0.5555555556,0.3486682809,0.4444444444,0.0024213075,0,0.0024213075,0,0,0,1,1,0,0,0,0,0,0,0,0,0,0,0,0,0,0,0,0,1,1,0,0,5,1,0,0,0,0,0,0,0,0,0,0,0,0,44,4,0,0,105,3,0,0,0,0,0,0,82,2,3,2,0,0,0,0,0,0,0,0,0,0,1,1,1,1,0,0,0,0,0,0,0,0,0,0,0,0,0,0,5,2,0,0,0,0,19,3,0,0,0,0,0,0,0,0,0,0,0,0,0,0,0,0,0,0,0,0,0,0,144,4,0,0,5,1,0,0,2,1,0,0,284,6,4,1,0,0,0,0,0,0,0,0,3,1,0,0,0,0,0,0,0,0,0,0,0,0,0,0,0,0,0,0,0,0,9,1,0,0,0,0,0,0,98,2,0,0,1,1,32,1,0,0,0,0,0,0,0,0,0,0,4,1,0,0,0,0,0,0,0,0,0,0,0,0,9,1,0,0,0,0,0,0,0,0,0,0,474,5,0,0,412,11,94,6,0,0
UT_Desert_Red_Cliffs,842,14,37.202550714,-113.4429186,0,0,3422.7142857,0.3612859286,2.2997135685,1.4869372775,1252.0011876,1.3182911967,1110.0011876,0.0011876485,1,0,0,10.071428571,141,0.0714285714,0.0914489311,42,0.1428571429,0.0011876485,0.0714285714,0,0,0,0,0.0011876485,0.0714285714,0,0,0.0011876485,0,0,0,4,1,0,0,0,0,0,0,0,0,0,0,0,0,0,0,0,0,7,1,0,0,42,2,0,0,0,0,0,0,0,0,0,0,14,1,0,0,0,0,77,1,132,1,73,1,0,0,0,0,0,0,0,0,0,0,0,0,0,0,0,0,0,0,0,0,0,0,0,0,0,0,0,0,16,4,0,0,0,0,27,1,6,1,0,0,10,1,0,0,0,0,0,0,0,0,0,0,188,1,0,0,0,0,0,0,0,0,0,0,1,1,0,0,0,0,0,0,0,0,0,0,1,1,0,0,216,2,0,0,0,0,0,0,0,0,0,0,0,0,0,0,1,1,273,2,0,0,0,0,0,0,0,0,0,0,0,0,0,0,0,0,5,1,78,1,0,0,0,0,0,0,1,1,0,0,0,0,0,0,0,0,0,0,0,0,0,0,82,1,0,0,1,1,0,0,0,0,0,0,0,0,0,0,10,1,118,2,0,0,0,0,0,0,0,0,0,0
UT_Desert_Wasatch,807,27,40.665567778,-111.8774726,0.0265279177,1499.3904222,6269.7848148,0.7148363333,1.0192391591,2.2194567669,1791.1016109,0.418961104,338.1016109,0.2403965304,194,0,0,46.62962963,1259,0.0740740741,0.0978934325,0,0,1.1102850062,0.1481481481,0,0,0,0,0.2403965304,0.1481481481,0.1003717472,0,0.1016109046,0,0,0,0,0,2,1,0,0,0,0,0,0,0,0,0,0,0,0,0,0,0,0,0,0,0,0,0,0,0,0,0,0,0,0,0,0,0,0,0,0,1,1,79,2,0,0,0,0,398,1,0,0,686,3,54,2,0,0,0,0,0,0,0,0,0,0,81,2,0,0,0,0,0,0,0,0,0,0,0,0,0,0,0,0,0,0,0,0,959,10,0,0,0,0,0,0,0,0,0,0,0,0,0,0,0,0,0,0,92,2,0,0,194,4,2,1,0,0,0,0,14,1,0,0,896,4,0,0,0,0,0,0,0,0,0,0,0,0,0,0,264,2,0,0,0,0,6,1,0,0,0,0,0,0,0,0,0,0,20,1,0,0,0,0,0,0,0,0,0,0,0,0,0,0,0,0,0,0,0,0,0,0,0,0,0,0,1,1,0,0,139,2,0,0,1,1,0,0,5,1,0,0,0,0,0,0,0,0,0,0,0,0,0,0,0,0,0,0,0,0
VA_Anthropogenic_Richmond,476,8,37.61712,-77.430085,0.0049357223,1121.01725,13941.675,0.663438,3.9096909261,4.2443286138,2020.3004202,2.3556731516,1121.3004202,1.3487394958,642,0,0,28,224,0.125,0.0021008403,0,0,0.3781512605,0.375,0,0,1.3487394958,0.75,0,0,0,2.3004201681,2.3004201681,0,0,0,0,0,0,0,0,0,0,0,0,0,1,1,0,0,0,0,1,1,0,0,0,0,0,0,0,0,0,0,0,0,0,0,0,0,0,0,0,0,0,0,1,1,0,0,0,0,0,0,0,0,19,2,0,0,0,0,0,0,0,0,0,0,23,1,0,0,1095,2,0,0,0,0,0,0,0,0,0,0,0,0,0,0,0,0,0,0,42,4,0,0,0,0,0,0,0,0,0,0,0,0,0,0,0,0,0,0,0,0,0,0,0,0,0,0,0,0,0,0,0,0,0,0,180,3,0,0,0,0,0,0,0,0,0,0,0,0,0,0,42,1,0,0,0,0,0,0,0,0,0,0,0,0,0,0,0,0,0,0,0,0,0,0,0,0,50,2,0,0,1,1,0,0,0,0,0,0,0,0,0,0,0,0,0,0,0,0,0,0,1,1,0,0,0,0,0,0,0,0,32,1,0,0,0,0,0,0,0,0,642,6,0,0,0,0,1,1,0,0
VA_Forest_Fort_AP_Hill,453,14,38.150242857,-77.331445,0.0146923764,0,13860.285714,0.6731818571,3.8442069313,1.1199216409,507.32450331,0.3252196541,147.32450331,0.7748344371,351,0,0,0.5714285714,8,0.0714285714,0.0022075055,0,0,0.0154525386,0.2142857143,0,0,0.7748344371,0.2857142857,0,0,0,0.3134657837,0.3245033113,0,0,0,0,0,0,0,0,0,0,0,0,0,0,0,0,0,0,0,0,0,0,0,0,0,0,0,0,0,0,0,0,0,0,0,0,0,0,0,0,0,0,0,1,1,0,0,0,0,0,0,0,0,0,0,0,0,0,0,0,0,0,0,0,0,0,0,0,0,142,2,0,0,0,0,0,0,0,0,0,0,0,0,0,0,0,0,0,0,0,0,0,0,0,0,0,0,0,0,0,0,0,0,0,0,0,0,0,0,0,0,0,0,0,0,0,0,0,0,0,0,0,0,0,0,7,3,0,0,0,0,0,0,0,0,0,0,0,0,0,0,0,0,0,0,0,0,0,0,0,0,0,0,0,0,0,0,0,0,0,0,0,0,0,0,0,0,16,1,0,0,0,0,0,0,0,0,0,0,0,0,0,0,0,0,0,0,0,0,0,0,0,0,0,0,5,1,0,0,13,1,1,1,0,0,0,0,0,0,0,0,351,4,0,0,0,0,6,4,0,0
VA_Forest_Richmond(rural),543,8,37.5898875,-77.6659925,0.0399449063,46.0592375,12891,0.6285525,4.0000532212,3.3322073332,1809.388582,2.4187635027,1313.388582,0.5782688766,314,0,0,16.625,133,0.125,0.0607734807,0,0,0.1473296501,0.25,0,0,0.5782688766,0.375,0,0,0,2.3867403315,2.3885819521,0,0,0,0,0,0,0,0,0,0,0,0,0,0,0,0,0,0,0,0,0,0,0,0,0,0,0,0,0,0,0,0,0,0,0,0,0,0,0,0,0,0,0,33,1,0,0,0,0,1,1,0,0,0,0,0,0,0,0,0,0,0,0,0,0,14,2,0,0,1296,2,0,0,0,0,0,0,0,0,0,0,0,0,0,0,0,0,0,0,2,1,0,0,0,0,0,0,0,0,0,0,0,0,0,0,0,0,0,0,0,0,0,0,0,0,0,0,0,0,0,0,0,0,0,0,80,2,1,1,0,0,0,0,0,0,0,0,0,0,0,0,14,1,0,0,0,0,0,0,0,0,0,0,0,0,1,1,0,0,6,1,0,0,0,0,0,0,23,1,0,0,2,1,0,0,0,0,0,0,0,0,0,0,0,0,0,0,0,0,0,0,0,0,0,0,0,0,0,0,34,1,47,1,0,0,0,0,0,0,0,0,314,3,0,0,0,0,0,0,0,0
VA_Forest_Richmond(suburban),353,5,37.577092,-77.538274,0.0018365488,1636.8966,13956.52,0.6224146,4.1213554252,3.6870932276,1301.5439093,2.6615974769,939.54390935,0.9235127479,326,0,0,5.8,29,0,0,0,0,0.0396600567,0.6,0,0,0.9235127479,0.8,0,0,0,2.5439093484,2.5439093484,0,0,0,0,0,0,0,0,0,0,0,0,0,0,0,0,0,0,0,0,0,0,0,0,0,0,0,0,0,0,0,0,0,0,0,0,0,0,0,0,0,0,0,0,0,0,0,0,0,0,0,0,0,35,1,0,0,0,0,0,0,0,0,37,1,0,0,0,0,898,2,0,0,0,0,0,0,0,0,0,0,0,0,0,0,0,0,0,0,65,4,0,0,0,0,0,0,0,0,0,0,0,0,0,0,0,0,0,0,0,0,0,0,0,0,0,0,0,0,0,0,0,0,0,0,14,3,0,0,0,0,0,0,0,0,0,0,0,0,0,0,15,1,0,0,0,0,0,0,0,0,0,0,0,0,0,0,0,0,0,0,0,0,0,0,0,0,47,1,0,0,1,1,0,0,0,0,0,0,0,0,0,0,0,0,0,0,0,0,0,0,2,1,0,0,0,0,0,0,0,0,6,1,0,0,0,0,0,0,0,0,326,4,0,0,0,0,0,0,0,0
VA_Forest_SCBI_GEO,909,49,38.893573061,-78.14538551,0.0035981344,10.46112,17012.183673,0.8414812041,3.2035557737,2.3058112192,2095.9823982,1.0307837164,936.98239824,0.9482948295,862,0.1595159516,145,2.6734693878,131,0,0,0,0,0.1342134213,0.0816326531,0,0,0.9482948295,0.0816326531,0,0,0.0473047305,0.9295929593,0.9823982398,0,0,0,0,0,0,0,0,0,145,3,0,0,1,1,0,0,0,0,0,0,0,0,0,0,0,0,0,0,0,0,0,0,0,0,0,0,0,0,0,0,0,0,0,0,0,0,0,0,0,0,0,0,0,0,0,0,0,0,0,0,0,0,19,1,5,1,43,1,845,2,0,0,0,0,0,0,0,0,0,0,0,0,0,0,0,0,0,0,5,2,0,0,0,0,0,0,0,0,0,0,0,0,0,0,0,0,0,0,0,0,0,0,0,0,0,0,0,0,0,0,0,0,0,0,122,4,0,0,0,0,0,0,0,0,0,0,1,1,0,0,2,1,0,0,0,0,0,0,0,0,0,0,0,0,0,0,0,0,0,0,0,0,0,0,0,0,0,0,0,0,0,0,0,0,10,1,0,0,0,0,0,0,6,1,0,0,0,0,0,0,9,1,0,0,5,1,0,0,50,2,21,1,0,0,0,0,0,0,0,0,862,4,0,0,0,0,1,1,0,0
VT_Forest_Brunswick,614,8,44.83208125,-71.7507575,0.0002295688,0,13024.125,1.03321425,0,0.1368184278,84.006514658,0.0114112617,7.006514658,0.0798045603,49,0.0439739414,27,0.125,1,0.125,0.0016286645,0,0,0,0,0,0,0.013029316,0.125,0,0,0,0,0.006514658,0,0,0,0,0,0,0,0,0,27,1,0,0,0,0,4,1,0,0,0,0,0,0,0,0,0,0,0,0,0,0,0,0,0,0,0,0,0,0,0,0,0,0,1,1,0,0,0,0,0,0,0,0,6,1,0,0,0,0,0,0,0,0,0,0,0,0,0,0,0,0,0,0,0,0,0,0,0,0,0,0,0,0,0,0,0,0,0,0,4,1,0,0,0,0,0,0,0,0,0,0,0,0,0,0,41,1,0,0,0,0,0,0,0,0,0,0,0,0,0,0,0,0,0,0,0,0,0,0,0,0,0,0,0,0,0,0,0,0,0,0,0,0,0,0,0,0,0,0,0,0,0,0,3,1,0,0,0,0,0,0,0,0,0,0,0,0,6,1,0,0,0,0,0,0,0,0,0,0,0,0,0,0,0,0,0,0,0,0,0,0,0,0,0,0,0,0,0,0,0,0,0,0,0,0,0,0,0,0,0,0,8,1,0,0,0,0,0,0,0,0
WA_Forest_Seattle_Urban_Carnivores,478,10,47.685339,-122.240079,0.0361800012,2102.02775,14133.53,0.696555,3.2573585149,2.628324084,1256.3389121,2.0906671802,999.33891213,0.0962343096,46,0.0020920502,1,14.8,148,0.2,0.1841004184,2,0.1,0.1213389121,0.3,0,0,0,0,0.0962343096,0.3,0,0.8179916318,1.3389121339,0,0,0,0,0,0,0,0,0,1,1,0,0,0,0,0,0,0,0,15,2,0,0,0,0,2,1,0,0,0,0,0,0,0,0,0,0,0,0,0,0,0,0,88,2,0,0,0,0,75,1,0,0,85,2,0,0,0,0,153,1,0,0,0,0,187,2,0,0,391,2,0,0,0,0,0,0,0,0,0,0,0,0,0,0,0,0,0,0,519,9,0,0,0,0,0,0,0,0,0,0,0,0,0,0,0,0,0,0,0,0,0,0,46,3,0,0,0,0,0,0,0,0,50,1,58,3,0,0,0,0,0,0,0,0,0,0,0,0,41,1,0,0,0,0,0,0,0,0,0,0,0,0,0,0,0,0,0,0,0,0,0,0,0,0,0,0,0,0,0,0,0,0,0,0,0,0,0,0,0,0,0,0,0,0,0,0,0,0,0,0,130,2,0,0,46,1,0,0,0,0,62,1,0,0,0,0,0,0,0,0,0,0,0,0,0,0,0,0,0,0
WI_Forest_Chequamegon-Nicolet,488,10,46.180795,-90.912201,0,0.41691207,13420.9,1.0089845,0,0.5697645122,278.04508197,0.1189448401,58.045081967,0.3524590164,172,0.0204918033,10,3.8,38,0.1,0.0204918033,6,0.1,0.0040983607,0.1,0,0,0.2254098361,0.3,0,0,0,0,0.0450819672,0,0,0,0,0,0,0,0,0,6,1,0,0,0,0,11,1,0,0,0,0,0,0,0,0,6,1,0,0,0,0,0,0,0,0,0,0,0,0,0,0,0,0,10,1,0,0,0,0,0,0,0,0,1,1,0,0,0,0,0,0,0,0,0,0,0,0,0,0,0,0,0,0,0,0,2,1,0,0,0,0,4,1,0,0,0,0,0,0,0,0,0,0,0,0,0,0,0,0,0,0,0,0,0,0,0,0,0,0,0,0,0,0,0,0,0,0,0,0,0,0,1,1,0,0,2,1,1,1,0,0,0,0,0,0,0,0,0,0,0,0,18,1,0,0,0,0,0,0,3,1,0,0,15,1,0,0,0,0,0,0,0,0,0,0,0,0,21,1,0,0,0,0,0,0,1,1,0,0,17,1,0,0,0,0,0,0,1,1,0,0,1,1,0,0,11,1,0,0,0,0,0,0,62,2,0,0,0,0,0,0,110,3,0,0,0,0,25,6,0,0
WI_Forest_Whitewater,246,5,42.84897,-88.744236,0.15280062,1031.7632,9207.2,0.9536022,0,4.1996827285,1033.1219512,2.4883006147,612.12195122,1.162601626,286,0,0,23.8,119,0.2,0.0203252033,0,0,0.1341463415,0.4,0,0,1.162601626,0.8,0,0,0.0040650407,2.1178861789,2.1219512195,0,0,0,1,1,0,0,0,0,0,0,0,0,0,0,0,0,0,0,40,2,0,0,0,0,0,0,0,0,0,0,0,0,0,0,0,0,0,0,0,0,0,0,5,1,0,0,0,0,11,1,0,0,162,2,1,1,0,0,0,0,0,0,28,1,16,1,1,1,521,2,0,0,0,0,0,0,0,0,0,0,0,0,0,0,0,0,0,0,1938,48,0,0,0,0,0,0,0,0,0,0,0,0,0,0,0,0,0,0,0,0,0,0,0,0,0,0,0,0,0,0,0,0,0,0,33,2,2,1,27,1,0,0,0,0,0,0,0,0,0,0,78,2,0,0,0,0,0,0,0,0,0,0,0,0,0,0,0,0,2,1,0,0,0,0,0,0,49,1,0,0,8,1,0,0,8,1,0,0,0,0,0,0,0,0,0,0,6,1,0,0,1,1,0,0,0,0,0,0,171,2,8,1,0,0,0,0,0,0,0,0,286,4,0,0,0,0,0,0,2,1
WV_Forest_WVU_Research_Forest,228,13,39.668400769,-79.75156077,0.0012008195,4.8108661538,17226.461538,0.8761098462,1.1563004525,1.144929209,261.04385965,0.4782625423,109.04385965,0.5131578947,117,0.0175438596,4,2.3846153846,31,0.1538461538,0.0394736842,0,0,0.0526315789,0.1538461538,0,0,0.5131578947,0.2307692308,0,0,0,0.0043859649,0.0438596491,0,0,0,0,0,0,0,0,0,4,1,0,0,0,0,0,0,0,0,1,1,0,0,0,0,0,0,0,0,0,0,0,0,0,0,0,0,0,0,0,0,0,0,9,2,0,0,0,0,0,0,0,0,2,1,0,0,0,0,0,0,0,0,96,1,0,0,0,0,1,1,0,0,0,0,10,1,0,0,0,0,0,0,0,0,0,0,0,0,5,2,0,0,0,0,0,0,0,0,0,0,0,0,0,0,0,0,0,0,0,0,0,0,0,0,0,0,0,0,0,0,0,0,0,0,12,2,0,0,0,0,0,0,0,0,0,0,0,0,0,0,0,0,0,0,0,0,0,0,0,0,0,0,0,0,7,1,0,0,0,0,0,0,0,0,0,0,0,0,0,0,0,0,0,0,0,0,0,0,0,0,0,0,0,0,0,0,0,0,0,0,3,1,0,0,2,1,0,0,0,0,0,0,0,0,0,0,0,0,0,0,117,3,0,0,0,0,3,3,0,0
WY_Grassland_Carbon_County,561,10,41.271573,-107.654171,0,0,2151.423,0.7297252,0,0.9732620321,546,0.5490196078,308,0.3368983957,189,0,0,4.9,49,0.1,0.073083779,3,0.1,0,0,0,0,0,0,0.0106951872,0.1,0,0,0,0,0,0,5,1,0,0,0,0,0,0,0,0,0,0,0,0,0,0,0,0,0,0,0,0,3,1,0,0,0,0,0,0,0,0,0,0,0,0,0,0,0,0,41,1,109,1,0,0,0,0,0,0,0,0,0,0,1,1,0,0,0,0,0,0,0,0,0,0,0,0,0,0,0,0,0,0,0,0,0,0,0,0,0,0,0,0,0,0,3,2,0,0,0,0,0,0,0,0,0,0,0,0,0,0,0,0,0,0,80,2,0,0,6,1,0,0,0,0,0,0,0,0,0,0,0,0,1,1,0,0,171,10,0,0,2,1,0,0,0,0,0,0,0,0,0,0,0,0,0,0,0,0,0,0,0,0,0,0,0,0,0,0,0,0,0,0,2,1,0,0,0,0,0,0,0,0,39,1,0,0,0,0,0,0,0,0,51,2,0,0,3,1,0,0,0,0,0,0,2,1,0,0,12,2,0,0,0,0,0,0,0,0,24,1,0,0,0,0,0,0
